user.id,age
2,22.67221
8,26.675558
9,22.800592
10,27.211464
11,25.274685
13,18.569157
20,23.277424
26,24.665195
27,23.401318
29,23.37507
31,22.04368
33,25.078163
35,23.570799
36,25.821218
38,20.239315
48,24.21508
49,23.465961
53,23.916822
54,19.397345
59,21.103382
66,27.407944
68,24.360016
72,20.999643
76,25.522919
83,26.879435
89,26.738686
90,23.423002
91,12.562482
94,25.138477
95,25.096077
96,23.327621
101,18.885313
105,24.963938
108,24.713531
115,25.042715
119,23.018517
120,22.658785
123,25.670729
124,24.979328
126,25.457392
134,21.094505
137,25.436
140,23.72221
142,24.9801
144,25.910034
145,25.659033
146,24.81894
147,26.85463
154,26.966772
155,22.771965
157,23.21944
166,24.297606
167,22.113728
169,23.019653
172,22.32434
175,27.069279
183,23.09459
184,24.461355
185,23.457396
188,24.470232
194,20.843037
200,25.56222
204,19.999416
216,18.177122
217,19.725058
221,23.313131
222,26.228724
223,19.499073
229,18.439005
230,25.241295
232,15.731837
236,22.726347
240,27.205305
242,26.448648
246,28.674166
247,19.220276
250,24.484272
260,22.262327
263,24.322622
265,17.432404
267,20.305336
270,24.16155
271,22.958231
273,16.59053
275,23.795914
276,23.67091
277,23.150076
282,26.39236
283,25.142418
288,25.343634
289,24.828354
290,19.745
298,25.242004
300,20.778292
303,26.525974
304,22.172207
305,31.022512
306,24.686886
307,15.379855
312,21.350138
320,26.092932
321,25.306412
323,21.99207
325,19.007557
327,23.91812
330,19.922768
331,17.553314
332,20.117504
333,18.929234
334,13.9507475
339,21.467718
341,26.862614
342,25.583347
354,23.7376
355,24.246353
364,25.34292
365,21.99088
370,24.370401
378,22.981586
379,22.022022
387,20.530766
392,25.60913
401,23.373314
402,21.016245
406,24.374979
408,22.145096
409,23.390467
410,23.95233
411,20.822859
413,16.785664
416,24.317677
417,23.299553
421,22.082434
424,21.480015
426,23.715809
430,24.613176
432,24.599346
433,25.615993
434,16.414053
435,24.586248
436,29.406134
440,25.366379
446,20.886992
451,24.733177
452,28.206964
453,26.37024
454,23.235739
458,23.543997
462,22.658024
465,23.216988
466,25.14898
468,24.837957
470,21.935003
471,25.80932
477,24.943733
480,24.837486
485,22.274834
486,24.209621
488,19.721478
496,28.032875
502,25.805819
503,25.392765
504,25.469238
505,29.041634
506,24.615229
507,23.715097
513,25.073984
515,24.497137
516,22.449036
517,26.568369
521,23.883333
526,19.989414
529,20.445137
530,18.906425
534,19.965065
536,24.965134
538,21.77871
542,26.008339
546,20.022003
552,24.730602
561,27.11734
563,23.874733
564,23.982632
569,19.349695
572,20.775364
574,24.887058
577,20.767143
578,18.092201
584,23.300688
587,21.09947
588,20.9407
589,21.028538
596,28.196585
597,25.18174
598,20.432892
602,22.506111
604,22.965136
607,22.625645
609,22.868284
613,24.29089
617,23.857153
620,21.772573
624,16.07839
626,20.414787
633,15.362748
639,19.809984
640,24.257254
646,21.564173
647,28.652887
650,25.541435
662,23.726439
665,23.011562
666,21.462584
670,21.077942
671,26.195234
673,22.086641
681,23.388988
682,21.58372
684,25.052263
686,21.569195
702,23.378916
703,25.638014
710,19.33302
714,26.474777
715,24.392439
716,25.832537
717,18.221327
718,25.819118
722,25.148376
723,21.45034
726,25.995674
734,25.744839
736,24.163746
737,19.367102
739,24.941578
740,28.03872
749,22.23855
755,24.476223
759,25.597095
760,21.753378
761,28.349699
762,29.126495
763,16.599304
764,24.671791
766,24.398281
767,25.560783
768,21.120396
769,25.675306
770,22.92272
771,19.948622
772,23.757221
774,26.215553
775,25.211126
778,18.23056
779,18.096601
780,25.180283
784,23.251095
785,25.376678
787,19.793983
788,25.863245
790,17.70932
795,22.296024
797,23.437119
800,23.820076
801,23.588932
807,22.214212
808,25.905254
809,27.878977
810,20.852947
811,24.720518
822,25.018324
824,20.553541
827,26.972752
828,17.335917
830,25.56596
832,19.376057
834,21.17449
845,22.465813
849,25.823866
856,23.38031
858,24.467274
861,23.777504
864,22.230598
867,23.806093
873,18.075197
877,21.214787
882,25.226074
886,21.217024
887,20.435898
890,21.949654
895,24.2351
903,21.984367
907,19.704096
919,28.673836
923,24.534887
931,25.159634
932,17.991978
936,16.859098
948,24.934309
950,28.362858
952,23.681068
954,21.31627
956,21.715605
961,25.944801
962,15.343314
964,20.687199
967,28.558584
969,25.014688
970,21.012676
971,26.592743
972,29.719975
973,22.97813
976,17.448488
977,21.696795
984,19.373047
988,21.07888
989,23.819933
991,28.873951
996,20.313915
997,14.641763
1001,22.979095
1002,19.753162
1005,25.38087
1008,26.635752
1009,20.035639
1014,24.309698
1016,17.462122
1017,22.877228
1018,24.255978
1019,21.419579
1022,23.40771
1025,23.67168
1030,26.340563
1031,25.209846
1034,26.498175
1036,25.183184
1037,19.95921
1043,24.647688
1044,20.21768
1048,24.986177
1051,25.025057
1060,26.503565
1062,23.769638
1066,26.043098
1068,24.960392
1070,24.420355
1072,24.425753
1075,20.052948
1077,22.978106
1078,16.75618
1079,24.678526
1080,20.956034
1084,21.420013
1085,21.45208
1086,24.46312
1087,23.13676
1090,21.636942
1092,23.20041
1094,21.67919
1098,23.760197
1102,25.300999
1103,23.295008
1107,24.75558
1109,22.105717
1110,23.436459
1115,24.76927
1119,26.873695
1123,20.221012
1127,24.952477
1142,24.36191
1143,22.291351
1150,26.581661
1151,16.841602
1156,23.358543
1162,27.014801
1164,21.240057
1165,14.604988
1166,24.178635
1167,24.586655
1170,24.962353
1172,15.7500305
1175,24.648819
1179,18.028503
1181,24.308466
1183,26.81255
1185,20.47394
1187,24.104095
1189,27.34879
1190,19.162006
1191,23.386198
1195,25.260807
1196,23.128601
1208,24.778984
1216,27.25134
1217,17.135372
1219,18.769417
1226,20.98772
1229,20.905422
1230,21.011639
1231,27.645447
1233,23.404829
1235,26.425255
1237,19.649801
1238,20.458164
1239,27.254093
1246,24.173588
1247,17.407501
1258,20.710842
1263,23.492868
1274,24.067162
1283,25.707897
1293,24.967785
1295,23.525398
1298,24.037397
1299,23.368923
1303,25.575506
1304,14.866164
1306,26.073988
1311,23.760778
1315,25.593384
1319,18.495653
1329,25.829754
1330,24.539015
1331,26.30102
1332,26.096272
1335,22.92758
1338,22.802578
1343,17.924725
1347,23.102242
1354,20.341677
1359,21.994816
1360,21.813986
1363,25.165142
1364,19.99939
1365,25.157658
1377,21.307926
1381,25.91515
1382,21.906475
1384,19.377617
1386,26.266138
1393,25.898806
1395,21.830297
1398,26.817192
1400,17.645334
1406,24.894028
1407,24.467922
1408,20.655457
1412,22.787228
1415,23.584362
1422,25.380709
1423,24.638567
1426,22.931074
1429,23.300497
1432,24.847876
1437,24.482384
1442,25.03402
1450,26.849184
1458,22.391668
1464,22.402689
1470,23.343397
1471,22.542267
1472,25.001278
1476,27.582127
1478,23.44448
1479,21.837112
1480,23.52241
1481,21.966537
1483,19.897802
1486,22.26771
1489,27.717667
1490,24.793402
1493,24.839077
1494,20.886848
1501,25.967522
1503,24.897566
1511,20.197681
1521,14.850966
1525,26.436918
1526,26.06965
1531,21.160536
1536,25.816778
1538,24.043861
1547,24.692617
1549,30.982725
1556,23.625294
1557,24.278057
1573,22.762026
1576,19.964386
1580,19.483625
1583,24.447948
1585,25.117304
1587,22.486698
1588,20.749403
1589,27.858593
1591,21.967964
1594,23.921707
1596,25.063007
1597,19.61299
1615,26.234966
1618,25.344467
1619,25.228619
1623,24.76257
1626,21.332602
1634,21.122063
1639,23.791306
1641,16.035252
1643,24.788187
1644,18.60033
1645,25.849243
1647,26.414997
1649,24.847216
1652,23.306736
1653,19.477654
1654,21.224604
1658,21.319883
1659,18.906712
1661,20.954884
1662,17.831993
1667,24.42608
1669,22.85025
1671,24.816156
1675,25.517275
1680,23.472095
1682,27.460093
1683,25.620329
1684,25.099808
1686,18.293072
1687,18.473166
1689,24.855825
1690,21.211182
1692,17.655981
1693,25.40854
1697,22.385744
1700,25.764267
1701,23.904057
1702,17.353846
1704,25.962755
1708,24.450008
1714,22.529251
1715,26.009277
1716,23.3038
1721,23.27007
1723,25.493338
1724,21.767529
1731,25.077301
1732,22.081207
1734,23.209673
1735,21.288454
1739,19.131205
1742,26.925282
1746,25.366987
1748,19.611744
1750,17.292
1754,24.9935
1757,22.514423
1758,24.27607
1760,27.58228
1769,25.82744
1774,25.107162
1776,27.55017
1780,21.5121
1781,24.447992
1783,27.219193
1785,19.206282
1786,24.29758
1788,24.205362
1789,20.824224
1795,24.712107
1796,22.541618
1798,20.038147
1799,23.102821
1803,22.743282
1805,19.374567
1807,20.48708
1809,23.99019
1811,21.121439
1819,24.168087
1820,24.05347
1826,23.870844
1829,25.438892
1833,28.034214
1837,25.04941
1839,24.684927
1842,19.797512
1844,21.698479
1849,21.409891
1850,27.172234
1852,25.751724
1854,23.713055
1858,26.376062
1859,24.500866
1863,24.499992
1864,24.05293
1865,23.034142
1866,21.609383
1867,22.442242
1869,23.50738
1871,22.16413
1876,27.792961
1877,22.724598
1883,22.088884
1887,26.10514
1891,22.915882
1893,15.168747
1894,17.897058
1895,24.595839
1898,25.886488
1900,22.462975
1906,24.961687
1908,24.884705
1909,24.917934
1910,27.83128
1917,25.926714
1918,23.660631
1922,22.994633
1923,22.84303
1929,19.594564
1930,26.663652
1932,27.417652
1933,15.448618
1939,22.176132
1949,21.060764
1963,22.369438
1967,21.218933
1968,19.656809
1977,18.842245
1983,24.076439
1992,23.734337
1994,26.147844
2007,25.048698
2011,26.75061
2014,23.155582
2018,26.666216
2019,24.718657
2021,25.879498
2023,20.201454
2025,19.17808
2028,24.756857
2032,18.011726
2035,28.21074
2036,23.5558
2038,15.73523
2039,23.456709
2040,22.08813
2042,26.653727
2044,25.714268
2050,24.455477
2054,24.53296
2055,24.400246
2059,21.161219
2060,21.489117
2061,21.55302
2062,24.463646
2066,24.010664
2067,22.85544
2068,18.384071
2069,23.890408
2075,22.159712
2076,23.59573
2080,25.22317
2082,23.124702
2083,26.773754
2085,22.081715
2087,26.009136
2088,25.437536
2091,27.010239
2092,24.377457
2104,23.94229
2105,23.423208
2111,26.113834
2113,20.585896
2115,25.442661
2120,15.945906
2123,21.318254
2124,28.974247
2126,23.20396
2127,21.204369
2129,19.65926
2134,24.319029
2135,22.05116
2139,21.030037
2143,20.319214
2154,24.203564
2156,21.044786
2160,18.604603
2161,22.751688
2166,24.790041
2173,23.048573
2178,20.245544
2182,24.27004
2183,24.41861
2189,24.343208
2191,20.912024
2192,22.860275
2193,24.453913
2194,22.12404
2196,22.302082
2198,24.125166
2199,25.144737
2200,25.428093
2207,22.67206
2212,21.864136
2216,21.31615
2220,23.684977
2225,16.096344
2226,25.8048
2227,21.86342
2229,27.41923
2232,23.408165
2237,25.847572
2240,24.09434
2241,25.66828
2243,17.175613
2246,20.667646
2249,25.565716
2251,23.775835
2254,23.996046
2255,20.991154
2258,21.698755
2259,26.272053
2261,23.79858
2263,21.08415
2267,23.411077
2271,26.190334
2274,23.743282
2277,22.93507
2282,23.500044
2283,20.581654
2285,27.517298
2287,25.55085
2291,27.32441
2293,26.055157
2300,23.016623
2310,26.26406
2313,25.584976
2316,22.969461
2320,16.965965
2322,24.11161
2324,19.109867
2327,28.805414
2330,27.36534
2333,23.637312
2335,21.333364
2337,22.659458
2338,18.989954
2339,26.315838
2341,26.944498
2343,19.698832
2344,25.044174
2360,23.787361
2363,25.570457
2370,22.381933
2371,24.258366
2372,22.42924
2374,29.85799
2380,28.146027
2381,16.964392
2382,22.99754
2386,24.833023
2387,25.039074
2388,23.077568
2390,17.629776
2398,19.454248
2405,21.83295
2406,23.621891
2407,24.777004
2411,19.798693
2418,22.305426
2420,27.533092
2422,26.013248
2425,24.465088
2427,18.414108
2430,19.107582
2433,25.449837
2434,23.00092
2438,21.541134
2439,24.243105
2441,23.374474
2443,24.73721
2449,27.167662
2450,16.293135
2451,21.658577
2453,21.99768
2455,17.467505
2462,24.9359
2463,29.708866
2464,23.206198
2468,25.896286
2473,23.109802
2480,23.311995
2484,20.171366
2485,20.271563
2487,27.725325
2488,27.184715
2489,24.348349
2490,26.668037
2495,19.367682
2496,25.78852
2497,26.156286
2504,25.056208
2506,23.70167
2508,28.341719
2511,27.362524
2512,24.47188
2520,22.324686
2521,25.289549
2522,21.419325
2524,25.464205
2526,24.657413
2529,18.835634
2535,23.57085
2538,16.039255
2547,22.19941
2551,25.933592
2554,17.430185
2557,25.114553
2559,26.778505
2561,19.064266
2562,24.25968
2564,16.647429
2566,23.29118
2568,22.2283
2569,22.336187
2571,22.168913
2572,22.926771
2578,27.957497
2582,16.581861
2594,20.463533
2595,18.32431
2599,22.822063
2600,21.32446
2603,23.04863
2609,27.477154
2611,26.089762
2616,20.101025
2620,26.689932
2622,19.975729
2623,15.800122
2626,23.99267
2628,20.651434
2633,19.497406
2636,24.504425
2637,21.846394
2639,28.627506
2645,21.894175
2648,25.19545
2649,24.688986
2653,24.102474
2656,25.38856
2661,24.250385
2663,24.921274
2665,25.805145
2670,22.415205
2672,23.99972
2676,24.478203
2682,23.580647
2685,19.704702
2686,28.58139
2690,25.343634
2691,23.949884
2693,26.751673
2697,24.35212
2701,18.946232
2704,22.968353
2705,22.985579
2712,21.404148
2714,18.557217
2715,25.611876
2716,22.240555
2717,23.55931
2718,26.208443
2719,19.81389
2720,17.882217
2721,21.77732
2723,25.439783
2733,23.181612
2734,24.586426
2737,23.150293
2738,28.979628
2741,25.1319
2744,24.090857
2749,28.083727
2750,23.86864
2751,23.642086
2755,25.090965
2758,27.511585
2767,25.859516
2769,25.480358
2770,25.98876
2772,25.21215
2773,18.358135
2788,24.387133
2795,23.65943
2800,25.727148
2801,18.834017
2807,23.241209
2809,22.557894
2825,22.426023
2829,24.588806
2831,20.74469
2837,22.38605
2838,21.540386
2839,23.513252
2840,26.59987
2841,23.696924
2846,27.883625
2849,25.544218
2850,24.769934
2855,19.787893
2857,21.052752
2859,25.244835
2861,22.85743
2865,24.492355
2867,24.549187
2883,26.756424
2886,24.7776
2888,20.33846
2889,24.002695
2895,20.080877
2897,22.805922
2898,24.590853
2899,21.96043
2900,23.51009
2906,26.974192
2908,24.979282
2913,24.23856
2919,25.378242
2921,24.36657
2922,18.174274
2925,25.178715
2926,22.408752
2927,21.308378
2929,16.405552
2930,24.487717
2935,24.107826
2937,18.107115
2938,24.060978
2941,25.37665
2947,22.74803
2952,26.91858
2962,22.779507
2966,24.910881
2968,25.527222
2969,20.313715
2972,21.69127
2974,25.46153
2975,19.788176
2978,23.066738
2988,19.783314
2989,25.548624
2991,21.768389
2995,22.751343
2997,21.076536
3006,25.130623
3007,22.639866
3011,20.728458
3015,28.48638
3017,23.65089
3025,17.713593
3029,28.091093
3030,20.23661
3031,15.927537
3032,22.541418
3036,24.794394
3040,21.3538
3043,27.26044
3044,18.568335
3045,25.73442
3048,24.988764
3049,26.446218
3052,23.517487
3053,15.042807
3062,22.800816
3063,22.56856
3065,17.294735
3067,18.56697
3068,24.568218
3072,19.511044
3074,24.935606
3075,23.463846
3076,21.71725
3078,27.753344
3081,20.928787
3084,25.756832
3088,27.348574
3089,23.781727
3093,26.329151
3096,24.647259
3097,21.321665
3098,19.546293
3100,20.031498
3103,25.628328
3106,19.825706
3111,22.495247
3113,23.637428
3118,21.171846
3127,23.475872
3130,23.414862
3132,25.569885
3135,22.338524
3137,21.56032
3143,18.682919
3144,23.073402
3146,22.19689
3147,24.964752
3151,18.240517
3153,26.630482
3155,25.410341
3160,20.883736
3174,22.052265
3177,24.53093
3181,22.823586
3183,24.148573
3184,25.304516
3188,23.221508
3198,22.873522
3210,22.56758
3213,18.146051
3216,24.622564
3219,22.880013
3220,22.890417
3226,24.792938
3227,24.299002
3235,21.793146
3236,16.375542
3242,21.083801
3243,25.43055
3249,24.374367
3251,21.877342
3260,25.387959
3264,25.858797
3267,22.726347
3269,21.87681
3270,26.435658
3275,22.230955
3276,25.62274
3278,21.105387
3284,21.153372
3286,25.717388
3287,19.114067
3289,24.141018
3291,24.668928
3297,17.073784
3299,24.581385
3302,25.391352
3303,24.82949
3304,22.599857
3309,24.6572
3315,25.196182
3319,24.294876
3320,24.338144
3321,19.574032
3323,21.818575
3327,24.94154
3332,22.91434
3338,22.308111
3346,25.046562
3347,26.521544
3350,21.526556
3357,24.857807
3360,24.971476
3361,26.7784
3368,21.961273
3369,21.253935
3370,21.847172
3371,21.508383
3373,23.270819
3374,25.303085
3375,25.292349
3376,19.83317
3379,20.27581
3381,21.915043
3382,23.257952
3383,24.262587
3385,27.864202
3386,15.874248
3387,23.616955
3388,21.42504
3390,15.229898
3393,21.181734
3394,25.852911
3404,27.291306
3405,21.432457
3411,25.614342
3415,24.607632
3417,26.766476
3418,21.749552
3420,21.059858
3423,23.222797
3424,24.405397
3425,25.777393
3427,27.49945
3428,18.385084
3432,26.323046
3435,21.489637
3437,23.857634
3441,22.249329
3443,24.385994
3445,24.485064
3448,25.829018
3453,24.464962
3457,26.910418
3460,23.595308
3464,21.90635
3466,23.707073
3469,17.641222
3470,25.359453
3471,24.928194
3473,25.743366
3479,25.683645
3480,22.135832
3486,21.327187
3490,25.694923
3491,24.785688
3492,24.217388
3493,22.191998
3494,19.633848
3499,26.07571
3501,22.892653
3502,26.343142
3504,25.29139
3507,25.285473
3511,24.145798
3517,29.610529
3520,23.843155
3523,27.419344
3525,25.400026
3527,25.947098
3532,24.62014
3534,22.074173
3543,20.361748
3544,24.660078
3548,25.736797
3550,25.122734
3552,20.1758
3553,25.334408
3556,25.96819
3557,25.913496
3559,22.916183
3563,22.03259
3565,24.410305
3566,15.3984995
3568,25.411846
3573,24.590816
3574,22.051884
3577,25.236702
3579,19.581835
3588,20.6694
3589,25.441135
3590,23.41584
3592,23.911947
3594,23.258635
3600,23.398375
3605,15.478242
3609,22.612087
3610,26.472528
3612,26.450872
3614,16.026827
3615,25.225807
3617,26.322166
3621,17.53214
3622,21.517511
3625,22.071402
3626,24.63054
3633,27.078487
3638,16.653957
3640,29.093904
3643,22.512135
3644,25.304707
3645,25.720755
3650,23.914116
3654,22.470787
3660,24.829828
3662,24.67995
3663,23.790396
3670,23.572826
3676,29.067993
3677,16.55569
3681,20.776432
3684,27.239744
3686,25.465187
3687,16.31497
3691,27.006739
3695,30.492651
3697,26.626219
3698,21.335094
3699,24.182182
3700,27.21628
3701,23.229103
3705,22.835154
3708,22.207752
3712,21.549498
3713,23.743713
3716,24.209099
3718,22.559734
3723,22.493351
3725,26.968597
3735,22.463133
3736,25.321848
3738,14.873955
3739,25.321505
3742,21.06208
3745,24.947742
3747,22.306467
3749,23.987986
3750,25.509136
3751,21.87929
3756,19.915987
3759,25.577845
3760,23.91544
3766,25.132118
3768,24.146767
3769,24.15718
3772,24.486437
3774,22.601492
3775,25.115152
3782,19.342403
3786,25.375402
3795,23.86066
3799,23.847816
3801,19.36243
3805,26.474255
3806,23.66008
3807,23.730894
3812,19.571022
3815,25.233896
3817,26.23904
3823,23.554293
3829,24.326717
3832,26.667984
3833,22.737722
3834,20.039013
3836,25.006166
3837,18.319069
3845,22.903795
3850,21.87779
3854,24.70171
3855,25.187069
3857,15.994447
3859,27.41923
3862,23.204874
3869,24.96576
3870,15.766663
3876,25.334293
3880,24.780827
3883,19.660433
3886,26.456148
3890,26.54536
3891,24.047127
3895,27.051298
3898,25.376225
3900,15.844379
3901,16.819937
3906,21.133585
3909,23.071955
3911,18.851404
3913,23.765522
3917,25.47404
3919,23.875742
3923,18.996754
3924,21.211718
3933,24.38124
3935,25.193306
3939,26.60862
3942,20.696177
3944,24.819717
3948,25.43246
3949,20.030148
3950,21.587578
3956,25.513659
3960,23.148731
3962,24.87319
3964,27.28354
3966,26.093897
3967,23.14401
3968,25.702402
3973,26.097553
3977,25.156277
3982,25.612621
3984,23.763971
3985,25.096077
3988,21.178066
3989,26.09145
3990,20.850471
3991,23.172415
3998,22.14126
4003,22.797705
4004,25.697832
4008,25.573425
4009,24.585081
4013,24.594812
4016,23.762701
4025,23.98117
4027,22.469648
4028,23.869879
4031,21.961273
4032,24.137377
4034,19.408356
4038,22.286718
4039,17.427107
4042,21.78935
4047,23.49604
4048,24.400785
4051,23.07981
4052,24.802029
4054,23.285488
4056,24.233074
4057,29.999195
4061,23.971428
4064,22.606396
4065,21.474846
4072,24.671997
4073,19.680609
4074,27.429844
4076,22.739826
4082,24.157864
4084,25.432295
4085,23.96412
4086,25.966679
4087,21.608004
4092,22.661459
4093,24.896658
4094,22.895777
4096,26.566456
4101,25.182926
4111,20.65941
4115,24.622974
4118,23.527365
4122,24.564796
4123,24.81858
4126,24.520105
4130,24.253922
4134,26.168236
4140,24.765709
4147,23.540682
4149,25.098364
4150,24.960484
4155,16.975798
4156,21.626797
4159,24.882286
4160,19.437311
4162,23.87628
4171,24.482916
4175,24.694736
4176,18.541174
4180,24.84214
4183,23.605436
4188,26.049456
4195,25.17434
4199,22.78112
4202,24.515131
4205,27.577991
4206,24.120663
4208,21.934326
4209,24.305725
4213,19.353083
4214,20.09985
4215,21.031187
4219,21.046007
4228,22.73417
4234,22.356567
4236,17.94604
4244,16.304142
4248,23.35869
4249,25.879185
4250,21.030561
4254,14.583831
4256,19.586308
4258,23.25158
4259,25.21456
4262,25.65242
4264,26.190458
4265,24.791485
4270,27.415588
4271,19.649273
4272,17.846552
4278,24.5769
4281,20.491634
4282,26.383919
4284,22.611452
4285,26.325161
4286,27.308968
4287,23.147268
4288,25.79957
4297,24.136778
4298,25.909178
4300,22.741253
4301,25.223537
4308,23.022036
4316,24.975636
4320,20.556057
4323,24.382648
4325,25.46094
4335,23.990656
4338,23.371286
4340,21.990843
4341,21.960316
4342,20.000687
4346,22.944414
4349,20.308413
4357,27.665066
4358,25.610321
4359,24.851597
4360,24.995663
4366,23.024277
4367,25.28075
4370,27.284939
4371,20.466799
4372,20.585632
4377,26.691328
4380,16.796507
4382,23.044773
4386,27.04482
4390,22.66234
4395,24.314379
4396,16.867517
4399,20.29942
4408,21.906809
4410,24.959171
4412,19.399837
4413,18.7236
4414,23.589306
4419,27.145927
4420,24.197279
4421,20.76585
4423,26.142754
4425,24.282871
4426,24.083672
4428,24.977112
4430,25.047604
4431,25.383112
4433,21.173307
4434,21.37177
4437,25.08685
4438,24.426582
4441,24.854261
4443,24.058666
4451,23.525888
4453,16.277422
4455,24.416145
4457,17.65876
4458,27.062151
4459,17.533634
4465,16.992327
4467,24.19268
4470,21.900501
4471,19.400257
4475,24.907078
4480,23.204319
4481,27.682913
4486,19.549612
4495,17.088745
4496,20.285217
4497,21.285393
4503,24.601095
4513,25.55229
4515,28.263958
4517,24.958076
4518,22.23213
4520,22.368643
4521,22.737738
4522,19.64015
4526,15.628948
4531,27.889719
4533,22.6041
4539,22.912619
4541,26.426512
4547,26.241894
4549,19.208153
4559,22.951834
4560,25.774717
4564,23.998528
4566,18.871923
4571,23.8544
4572,19.526096
4575,24.384136
4576,21.40562
4579,23.008003
4582,23.679487
4585,24.751299
4588,24.769169
4590,15.4636
4597,25.272411
4601,25.814243
4603,22.400005
4606,22.952154
4609,22.949123
4611,23.666864
4615,25.582382
4618,18.056698
4621,24.839417
4622,24.155497
4625,19.35619
4626,24.032368
4629,23.705658
4631,25.612244
4635,27.154783
4638,22.576399
4641,19.883156
4642,23.298946
4649,21.3543
4650,27.761324
4653,20.648268
4660,24.148827
4664,21.96074
4668,25.203997
4669,19.882605
4674,20.945684
4675,25.96968
4676,21.851814
4681,22.743141
4686,14.746689
4687,21.710257
4691,26.25903
4692,23.998507
4695,21.059294
4696,22.238691
4704,20.881607
4705,24.128826
4707,20.911253
4711,24.866808
4715,16.618975
4716,13.839817
4720,26.21804
4724,25.437296
4726,17.407843
4727,21.410233
4729,21.77892
4731,24.933681
4733,22.00337
4742,25.509424
4743,26.62379
4746,21.384607
4747,21.822304
4755,18.518404
4758,26.129936
4761,25.601046
4770,21.389627
4772,22.558228
4777,18.334211
4778,24.5205
4783,25.278822
4789,26.196604
4794,24.132524
4797,25.166245
4800,25.404095
4809,27.75965
4812,20.090376
4820,24.83781
4825,21.646929
4826,24.479944
4828,23.1495
4831,25.415272
4832,23.11744
4833,22.919167
4836,25.681778
4840,24.40836
4842,19.860695
4843,23.42123
4846,18.212992
4848,26.701906
4850,14.034054
4851,21.88673
4856,17.313011
4859,24.921036
4860,24.036163
4861,18.5113
4864,23.679487
4870,25.59432
4871,26.905312
4874,23.96427
4876,25.476948
4878,23.841486
4881,25.74329
4883,22.528265
4884,23.438633
4888,21.432077
4890,21.804245
4894,20.479614
4897,26.599625
4903,17.677176
4905,26.159113
4906,21.242985
4909,25.520323
4912,23.039368
4914,25.39225
4915,25.215357
4917,23.95695
4921,20.552355
4922,26.299917
4923,20.095327
4927,25.79887
4929,23.110977
4931,21.163607
4932,25.231733
4936,24.444965
4937,26.459671
4947,26.743774
4948,27.457
4951,25.40891
4955,22.630892
4956,21.365124
4959,24.992128
4960,25.698399
4962,23.342146
4965,21.619293
4968,23.916988
4972,26.717272
4974,26.154268
4976,20.537209
4979,23.702244
4981,24.288765
4988,24.246185
4993,23.102688
5005,25.673866
5016,23.552458
5017,25.455843
5019,18.075489
5020,29.205341
5021,21.187891
5023,26.28483
5036,24.89043
5038,18.185213
5039,22.032537
5042,20.465384
5047,15.790071
5052,23.428211
5054,21.87832
5058,25.67876
5059,22.207344
5062,23.499565
5063,20.55701
5067,25.033945
5073,24.81953
5077,27.528568
5078,19.656975
5079,22.595531
5080,21.51279
5083,22.86807
5092,25.412476
5095,25.528101
5100,20.198368
5102,24.96129
5105,25.232948
5110,24.095957
5111,20.79787
5112,23.813932
5113,24.333431
5122,16.115723
5124,26.220224
5127,26.267944
5128,25.411474
5129,24.025208
5136,22.88684
5141,16.199062
5143,25.752335
5144,20.31762
5145,21.043152
5150,26.62357
5153,22.82672
5157,25.49233
5164,24.417635
5168,19.501245
5172,18.592512
5173,20.580359
5177,26.737482
5182,27.162302
5184,20.09793
5192,22.638794
5193,18.713198
5194,18.530201
5197,26.426483
5202,24.022266
5206,22.532406
5208,22.970486
5209,24.307768
5212,27.93397
5213,23.452532
5214,23.067768
5218,27.83133
5222,22.520441
5224,21.322296
5227,25.58469
5228,25.235762
5244,24.212717
5250,26.645994
5251,21.050468
5252,26.035
5257,23.315414
5258,24.708296
5265,24.60359
5268,22.232145
5270,23.053812
5277,25.570684
5278,25.639757
5279,21.27459
5281,25.42712
5283,25.207296
5291,25.101093
5295,25.005016
5298,25.416348
5302,23.891933
5304,20.79871
5307,22.289196
5314,22.554197
5319,22.85455
5320,19.4266
5324,24.27316
5329,25.028166
5331,22.856096
5336,26.965977
5338,24.233202
5339,20.022673
5341,25.88154
5344,24.001959
5345,25.258677
5348,25.86825
5351,15.678746
5357,24.122038
5362,26.417458
5364,22.416697
5367,26.804598
5368,24.916283
5369,21.423859
5371,25.871595
5374,22.894415
5378,19.908451
5381,20.80527
5383,25.370739
5386,23.040218
5388,26.062056
5389,19.008442
5391,22.520388
5392,24.047943
5397,26.874815
5398,26.15942
5403,19.232552
5406,25.209314
5408,22.920372
5410,25.684301
5411,22.256826
5412,20.939106
5413,23.046793
5416,23.100225
5418,24.511786
5420,21.84704
5426,24.8493
5427,26.009594
5432,20.649834
5435,20.864384
5439,24.64715
5442,22.820597
5443,23.144041
5450,24.297935
5451,20.56231
5455,22.701948
5466,22.48076
5467,14.910476
5471,15.701069
5473,24.73854
5475,25.64409
5478,21.260952
5479,24.121792
5480,25.609005
5483,21.19602
5484,22.549202
5487,15.784369
5489,20.826654
5491,17.273273
5495,21.201956
5500,20.159563
5501,26.360376
5507,13.882228
5510,25.394796
5512,18.73766
5515,24.453228
5516,24.650202
5521,19.29268
5524,21.41433
5527,21.888739
5528,15.566039
5530,26.59963
5537,28.21646
5538,25.212624
5540,25.39007
5543,22.460257
5545,25.440329
5546,22.606396
5554,24.358257
5555,26.663567
5557,21.544373
5560,24.428497
5561,23.729633
5568,22.461521
5569,25.55368
5570,22.704468
5573,25.511282
5579,24.336924
5584,23.99291
5585,25.82701
5587,18.896978
5589,27.117636
5590,24.835148
5592,20.13347
5593,23.455809
5596,19.83255
5597,25.207659
5598,22.54009
5606,26.873518
5609,22.886944
5610,21.249231
5611,22.287962
5613,26.594744
5614,22.171383
5615,23.662132
5617,17.55729
5618,20.992723
5621,13.435909
5627,25.985779
5629,23.855318
5630,22.729086
5634,21.768066
5640,22.804619
5646,21.293142
5647,26.031319
5649,21.979227
5655,20.682547
5660,24.132069
5661,23.580923
5665,23.758263
5670,24.61435
5678,18.210474
5679,20.57774
5680,26.279886
5684,27.17444
5687,21.748152
5688,25.268831
5689,22.240145
5698,24.088654
5699,26.140535
5702,24.077154
5709,26.998314
5710,24.034914
5712,23.617317
5714,19.742462
5718,24.043123
5719,26.919664
5723,11.18297
5725,19.958578
5732,16.85279
5736,22.827763
5737,22.16946
5741,16.36228
5744,18.402529
5750,24.189793
5751,21.791746
5753,23.62872
5755,25.212454
5756,19.931376
5757,25.424143
5758,19.433296
5761,28.572834
5768,23.819225
5769,26.795174
5771,24.011301
5772,25.249008
5774,25.15398
5775,23.294378
5777,22.08685
5778,25.851624
5779,26.586897
5783,22.898878
5785,20.83483
5786,18.109663
5787,16.598322
5788,23.000978
5797,22.691914
5799,19.230347
5803,22.209688
5804,23.759808
5805,25.185575
5808,28.309532
5809,24.12143
5812,26.135029
5816,23.695507
5817,18.446735
5818,24.18124
5829,23.100945
5831,24.754843
5834,24.02641
5835,24.787443
5840,24.04504
5845,23.755064
5848,23.539192
5851,21.845314
5854,25.785297
5856,23.49
5864,25.402378
5865,24.204699
5868,25.437508
5873,25.092962
5874,19.21275
5879,26.897007
5884,24.29498
5888,24.245365
5902,25.880028
5904,22.739725
5912,20.75915
5917,23.300587
5919,25.940102
5921,25.096663
5922,27.625475
5923,21.145033
5925,23.729136
5928,24.874094
5930,25.753813
5938,23.85176
5940,25.510374
5941,26.556452
5943,20.786427
5946,25.003723
5951,25.264599
5956,23.69459
5960,24.905159
5963,22.45453
5965,25.724678
5967,22.353989
5970,24.137842
5975,25.926622
5977,23.652851
5978,24.958195
5984,21.445929
5988,22.276556
5991,22.958462
5992,24.54812
5997,25.859745
6006,24.64322
6008,15.703102
6009,24.586802
6010,21.352882
6012,25.866663
6015,20.194664
6016,24.692854
6017,25.989857
6018,16.109018
6021,24.264196
6024,23.51738
6029,25.498594
6037,24.713083
6042,23.741812
6043,19.20521
6048,23.79222
6049,24.944714
6056,23.369547
6058,24.369953
6062,24.202475
6064,29.346292
6065,16.14048
6067,19.020697
6071,21.601782
6073,27.223452
6074,19.584787
6083,23.808193
6089,23.619005
6090,26.063978
6100,19.79378
6102,25.489754
6103,24.36168
6105,20.760927
6107,19.85691
6114,27.776197
6118,23.283127
6121,17.138119
6123,17.706831
6125,22.316786
6128,18.74367
6129,26.287773
6131,22.51125
6132,22.424543
6135,23.16575
6137,21.704384
6139,18.781157
6142,23.948765
6143,25.119905
6145,23.479994
6149,14.565964
6155,18.996536
6156,25.150076
6157,25.452967
6158,25.231276
6164,23.510258
6173,24.56355
6174,18.945368
6175,24.290846
6180,24.558056
6181,21.739653
6192,22.806389
6193,25.261675
6197,25.965967
6200,23.701368
6204,23.239643
6205,26.314075
6206,27.968233
6209,19.681847
6215,23.966108
6221,23.916702
6222,25.094187
6223,23.03612
6225,16.913197
6226,20.079556
6229,22.122355
6234,21.708456
6238,22.784178
6239,21.623386
6240,22.160446
6241,24.989477
6243,20.690296
6244,21.437288
6247,25.304327
6250,26.68735
6254,22.500212
6255,22.975435
6261,25.302607
6262,24.893934
6265,22.28551
6268,23.203236
6270,24.323444
6274,24.203627
6279,22.807444
6280,23.86834
6287,22.950626
6290,17.183876
6293,25.664207
6297,22.846716
6298,25.658758
6299,26.07727
6304,26.640701
6306,25.771227
6308,25.029528
6310,24.490631
6311,20.400303
6312,22.34835
6313,25.030207
6316,16.04134
6318,22.332926
6322,23.212011
6329,24.7137
6334,26.054094
6336,18.889164
6343,22.918814
6345,24.413996
6346,26.286516
6347,24.064407
6348,22.740248
6349,17.552517
6358,24.070782
6361,24.826479
6362,24.682117
6366,19.18953
6367,16.670301
6369,29.425962
6370,22.256336
6375,24.008307
6376,18.338423
6378,25.578867
6380,26.734467
6381,24.98684
6382,28.526241
6384,25.518581
6385,21.62572
6395,19.34048
6399,20.610785
6400,28.193243
6404,21.027784
6407,23.869757
6408,25.247232
6410,23.76249
6413,23.067019
6415,25.047436
6419,24.687405
6420,21.697762
6422,25.594618
6426,16.795588
6427,23.445677
6430,21.197554
6431,21.561502
6435,15.794304
6437,26.362682
6438,21.061922
6440,20.795544
6442,17.625202
6443,19.757309
6446,18.602747
6449,18.961025
6453,27.275578
6454,26.387295
6456,23.292675
6464,24.523394
6467,23.065279
6468,25.20705
6474,24.912699
6476,27.880302
6477,25.827091
6479,28.947086
6480,23.002323
6482,18.942703
6483,25.194597
6489,24.818075
6491,22.167524
6494,20.068916
6495,25.98046
6498,20.057344
6500,23.929604
6501,23.599463
6504,25.015173
6509,27.014711
6511,20.712524
6514,24.719091
6518,23.999346
6519,25.119926
6520,22.975992
6521,18.404766
6522,21.617628
6523,23.975538
6528,25.566013
6538,23.739378
6539,18.734838
6542,21.282879
6548,25.72146
6550,25.514261
6558,22.158531
6559,25.839922
6560,24.2826
6561,19.755083
6563,22.596004
6566,21.009396
6569,23.728638
6578,21.368977
6581,24.254313
6585,26.043541
6588,24.063475
6597,25.45681
6603,24.604458
6606,17.305035
6611,24.599339
6613,24.680819
6614,25.105103
6617,25.126339
6623,25.416838
6625,24.227232
6627,19.337477
6628,28.841507
6633,22.857342
6640,24.387112
6644,26.14355
6646,21.654636
6647,24.813955
6649,16.12735
6650,16.404224
6651,24.110243
6655,27.192974
6658,18.201633
6661,22.038145
6662,25.741512
6663,15.286568
6664,23.181936
6665,22.251547
6668,24.817774
6670,26.16123
6673,22.217484
6678,26.1614
6679,25.315878
6685,19.718561
6688,20.182707
6697,23.207165
6701,20.27005
6704,22.506136
6705,22.975742
6710,20.83014
6711,24.119297
6712,26.13477
6719,18.496092
6721,26.134666
6722,20.937183
6731,22.986845
6739,17.588417
6743,27.790903
6744,21.774685
6748,29.279789
6750,22.727224
6751,25.441275
6762,24.490955
6767,24.262737
6771,23.250532
6773,23.863445
6785,18.143953
6786,18.909645
6789,22.380493
6793,25.731869
6794,29.887333
6799,24.754248
6805,23.773388
6806,20.002289
6812,28.717453
6815,23.609844
6816,24.686619
6819,24.296764
6821,21.625938
6822,23.793476
6823,22.979359
6824,24.777992
6828,21.671371
6835,22.646105
6840,24.69106
6844,21.592815
6845,21.221497
6848,23.058502
6856,19.048765
6859,26.06491
6861,25.467388
6864,22.16694
6868,21.777308
6869,25.139877
6870,25.812027
6874,26.45059
6877,23.417532
6879,15.7388115
6880,17.089626
6886,22.797121
6887,24.095438
6890,24.026787
6891,25.011158
6892,23.704239
6894,21.40568
6895,20.69027
6899,25.54969
6904,22.98619
6911,24.72511
6913,18.535675
6916,22.780361
6919,21.110533
6920,26.289207
6921,23.19122
6924,24.134052
6927,26.358004
6936,21.928894
6939,23.697681
6942,21.542858
6944,27.001726
6947,24.263977
6949,23.307798
6950,26.648718
6952,21.688946
6953,16.539877
6961,22.274683
6972,17.444376
6974,26.03914
6975,23.989933
6978,20.780054
6979,24.182852
6980,17.737682
6985,19.889183
6991,25.725197
6992,26.366976
6994,26.48603
7004,21.835283
7009,20.645195
7010,23.274723
7011,27.590807
7017,23.201292
7018,26.599092
7021,24.032927
7022,26.829426
7030,24.509727
7036,24.279764
7037,23.542524
7038,25.6823
7040,23.624573
7042,18.084026
7043,19.559353
7045,20.304272
7046,24.44982
7058,21.778585
7062,23.21759
7063,14.45749
7071,28.74593
7073,21.410648
7081,17.792498
7088,32.287537
7089,27.74875
7090,19.710392
7096,26.094494
7102,22.726593
7104,25.567163
7106,24.782253
7108,23.90398
7109,27.090557
7110,21.93929
7111,26.264805
7112,28.415243
7113,24.088245
7114,23.506062
7119,23.621986
7122,25.96657
7125,21.280838
7132,25.11311
7138,24.72575
7143,26.680294
7145,25.880232
7148,23.830181
7149,23.397425
7157,25.556578
7159,22.41656
7169,16.835901
7171,23.324226
7173,24.788101
7174,25.241545
7177,25.05862
7178,24.445084
7180,25.524374
7185,28.510002
7186,25.745865
7188,26.317822
7194,21.001842
7195,26.014103
7197,26.21094
7201,22.179665
7207,22.584965
7208,22.41214
7217,26.084023
7225,26.276905
7235,24.392233
7239,25.942867
7241,20.896797
7244,25.37829
7248,25.488918
7257,23.519396
7259,15.008017
7260,21.710543
7262,24.180132
7266,21.351728
7268,19.677692
7275,27.167805
7276,24.000662
7277,24.44256
7281,24.733452
7283,23.258036
7287,23.33479
7290,23.489473
7292,25.595861
7298,18.137453
7303,24.169893
7304,19.691107
7305,26.793108
7306,21.366673
7307,19.992594
7308,22.92177
7309,23.692696
7312,22.48869
7314,28.219582
7315,18.940899
7320,27.163404
7327,19.99844
7331,28.599865
7332,23.985878
7334,22.577093
7336,17.94064
7340,24.575626
7341,21.222815
7346,26.280262
7350,24.649057
7353,28.183788
7360,19.144474
7362,20.738445
7363,26.703405
7368,20.077374
7369,25.696417
7370,28.55267
7371,20.282845
7372,21.899881
7374,26.90304
7375,23.611536
7376,23.768764
7378,20.171175
7379,22.33612
7384,17.80558
7385,15.605927
7388,16.738518
7395,25.389977
7397,19.17612
7399,28.923618
7400,29.578646
7401,23.827038
7403,22.707668
7404,20.234114
7405,19.471203
7408,25.023487
7410,25.764547
7412,17.049726
7413,23.821957
7415,22.798841
7416,24.873774
7417,23.208595
7418,21.415401
7424,16.770397
7427,21.33289
7428,17.8806
7429,24.226847
7430,26.171757
7431,23.273054
7433,26.380543
7440,19.983042
7445,26.328503
7449,27.640934
7452,24.366724
7453,20.674267
7456,21.880148
7461,24.072079
7462,14.090026
7465,22.946833
7470,26.45066
7472,25.15726
7476,21.547232
7485,21.410412
7489,20.951488
7491,25.603168
7494,27.291132
7504,19.646858
7510,24.265785
7511,22.912714
7519,24.98008
7521,24.63903
7522,25.66176
7523,24.661066
7531,22.357481
7532,21.86338
7534,22.036173
7535,20.68446
7536,19.20864
7539,17.09267
7542,24.02171
7545,24.642906
7546,23.68236
7551,24.511332
7552,23.749092
7553,24.42155
7554,25.248047
7556,22.446482
7561,25.05932
7569,16.827463
7571,25.04764
7576,22.90311
7585,23.011251
7587,21.054976
7588,25.361248
7589,18.89935
7591,17.26469
7592,19.556202
7594,25.208466
7598,24.451729
7599,26.037107
7602,21.784702
7608,24.817684
7612,23.155884
7614,25.34124
7615,22.695877
7619,19.22049
7623,25.080776
7628,26.372612
7630,23.651464
7634,25.800655
7636,19.662043
7637,26.936914
7638,26.580051
7639,22.828917
7643,24.397234
7648,23.489687
7650,25.756372
7655,19.854383
7660,21.75363
7661,24.710007
7666,22.533358
7667,20.63492
7668,22.071096
7671,20.113367
7673,22.68667
7678,25.91485
7681,28.251656
7685,20.380713
7689,19.081345
7694,22.391712
7695,20.872566
7702,20.38569
7704,26.541445
7706,24.704252
7708,23.690332
7710,25.144869
7712,21.743414
7714,24.676018
7715,26.036623
7721,21.753275
7723,26.697964
7725,26.54296
7734,17.43841
7744,23.93621
7745,25.847202
7750,20.492226
7753,22.12426
7757,26.115915
7758,17.347328
7760,24.604435
7763,24.627352
7764,22.859716
7767,24.474491
7771,24.590153
7773,20.86706
7774,22.568436
7776,25.564901
7777,24.2156
7780,20.311121
7781,18.848366
7785,21.990364
7792,27.462908
7803,27.960484
7805,25.112127
7808,24.686089
7815,23.807491
7819,21.59771
7821,24.498857
7826,26.681736
7830,23.74849
7833,25.01706
7835,27.36423
7837,24.7462
7838,18.57864
7844,20.552385
7849,29.125935
7850,24.051395
7863,24.01494
7864,26.040554
7865,24.483786
7870,25.658588
7876,18.324781
7879,28.757776
7885,22.797169
7886,23.250814
7890,24.003506
7892,22.147915
7894,24.630322
7896,26.289186
7898,20.425207
7901,24.836695
7902,24.281654
7903,26.850891
7906,27.780254
7907,24.686916
7910,18.100864
7912,25.975552
7915,23.18456
7925,22.53394
7930,25.746859
7931,19.609455
7934,19.889315
7936,27.06372
7937,23.993713
7940,24.506824
7946,24.822285
7947,23.494453
7948,20.319023
7950,26.933203
7951,23.138939
7953,24.969246
7954,23.875378
7959,26.380682
7961,18.626972
7967,22.192122
7969,21.122433
7971,23.878235
7974,23.19856
7981,21.384193
7982,24.364355
7983,25.932907
7985,24.492603
7986,24.725973
7989,23.629122
7992,22.664999
7996,24.772066
7997,24.922985
8000,25.247875
8003,25.292368
8006,21.748936
8012,19.854294
8013,22.588308
8014,19.520832
8015,18.23146
8020,26.77297
8026,22.688038
8027,21.920847
8031,24.05281
8033,24.565289
8034,26.625563
8035,22.251137
8038,22.530832
8040,22.198952
8042,23.089592
8043,22.986843
8044,23.578276
8045,14.592875
8047,24.244593
8048,24.96776
8051,22.025333
8052,22.681688
8057,24.501514
8059,22.132915
8062,19.827703
8063,24.977476
8064,21.894608
8066,21.637077
8068,22.73752
8069,22.611298
8072,22.778273
8073,24.781487
8078,24.90281
8080,26.258934
8084,24.339148
8091,24.606277
8093,24.938795
8094,26.133953
8102,21.58476
8106,15.42206
8111,24.59156
8112,24.094423
8118,21.501123
8119,25.638588
8120,21.921501
8123,27.183922
8124,24.42944
8125,21.188663
8127,21.472605
8129,24.827215
8130,27.590925
8135,26.554375
8136,23.813631
8141,22.886673
8145,24.738201
8148,21.701279
8152,17.289818
8155,19.99117
8157,19.448774
8164,19.97025
8165,22.328833
8167,28.976881
8170,23.24982
8171,23.37103
8173,24.023956
8177,25.812836
8178,26.382137
8179,25.266665
8180,24.330685
8182,25.239534
8183,23.137417
8185,20.158836
8187,25.425636
8192,22.741112
8195,19.963192
8203,24.548141
8205,23.50789
8208,23.91441
8215,21.237875
8216,21.244751
8218,24.761505
8221,20.651957
8225,25.729034
8227,24.804537
8230,24.629028
8233,22.899565
8235,24.112068
8236,22.570288
8238,24.92293
8240,20.735735
8242,15.570828
8246,24.142225
8247,24.523645
8252,22.241808
8254,21.412842
8255,23.789673
8256,19.491745
8258,22.310165
8259,27.557337
8260,26.130045
8261,25.607897
8262,23.53915
8263,18.548445
8264,19.311563
8268,25.790792
8269,22.337826
8271,23.693588
8277,22.018839
8280,25.153168
8281,16.115156
8288,17.330786
8289,25.819698
8296,22.214016
8299,25.160748
8302,22.416859
8305,17.79476
8307,19.380772
8308,24.743322
8309,21.072989
8310,18.421223
8314,21.735195
8315,25.448648
8319,23.718657
8322,21.027988
8327,24.627476
8334,23.257988
8337,24.96504
8340,23.57038
8345,23.477434
8351,23.843702
8353,22.370071
8357,20.203615
8359,24.75819
8360,26.484095
8361,23.308235
8368,22.255632
8376,19.004936
8378,15.611555
8382,25.58968
8386,20.16123
8388,24.48551
8401,26.580349
8404,18.288822
8405,21.117275
8406,25.130787
8407,25.59361
8408,18.82933
8409,23.414146
8412,25.26158
8413,26.56751
8415,24.90964
8426,24.498962
8428,24.063753
8429,20.372837
8439,24.775902
8442,19.669016
8446,22.241596
8448,22.67405
8449,20.412935
8451,27.114304
8453,20.313679
8454,27.201468
8461,25.019064
8462,24.558565
8463,22.255508
8468,25.431255
8469,20.219357
8470,27.048899
8475,21.7363
8477,24.40292
8479,26.11327
8482,25.245192
8485,26.398518
8486,25.971275
8488,21.966377
8494,28.061403
8496,18.559547
8498,20.958921
8500,24.24734
8506,15.722235
8509,23.794333
8517,24.364876
8519,21.840704
8520,24.19043
8522,25.527576
8523,26.807861
8524,22.964886
8527,20.393206
8528,25.740793
8530,20.59785
8534,20.52921
8535,16.861483
8536,24.90094
8539,24.703362
8540,22.61945
8543,23.846489
8544,15.568659
8546,18.724195
8548,19.748898
8549,26.906403
8551,24.574009
8553,17.460318
8557,17.558859
8561,28.715858
8564,23.262892
8565,17.563543
8569,20.195406
8575,27.057442
8579,25.196724
8582,19.613928
8584,26.13262
8586,21.58032
8588,25.612785
8590,26.085188
8593,18.80165
8597,25.48999
8599,22.294237
8601,31.916222
8604,25.266428
8605,25.99923
8609,25.003729
8612,22.567127
8615,22.821983
8616,25.448616
8617,22.724117
8618,22.30549
8627,26.681883
8632,21.314564
8635,21.643751
8640,23.786055
8642,21.775764
8643,22.211082
8644,20.320438
8645,26.244265
8649,26.254261
8652,30.924742
8654,25.477411
8656,26.147915
8664,22.339586
8670,29.68305
8685,20.205027
8698,23.907103
8699,21.881927
8706,23.591318
8707,17.482079
8710,23.28936
8714,24.366959
8718,22.602144
8719,20.937174
8722,23.764223
8723,13.589336
8725,20.264746
8729,21.673029
8736,22.644398
8738,24.487528
8740,24.122173
8741,23.013403
8742,23.652431
8746,24.323027
8747,15.132254
8749,24.551786
8751,16.629751
8755,22.460396
8758,20.73544
8761,23.076069
8765,26.25411
8766,23.350996
8772,23.725245
8773,17.695135
8776,19.42122
8778,21.702133
8780,25.068502
8781,26.488373
8783,20.69005
8784,20.273094
8790,24.200205
8792,22.002174
8793,22.777102
8803,16.870512
8804,21.950457
8806,21.298782
8810,25.451937
8815,19.41625
8816,27.11073
8818,24.558886
8819,21.836449
8822,22.706898
8823,21.803461
8827,20.826029
8830,23.13781
8840,23.572527
8848,23.480469
8851,22.38334
8853,23.00059
8855,21.36738
8857,20.02807
8858,27.456364
8859,25.205433
8860,24.575478
8866,23.434324
8869,19.45956
8871,24.6148
8875,25.805693
8876,20.756168
8879,23.097149
8880,27.138056
8884,18.522419
8890,23.433971
8892,22.492441
8893,21.828123
8895,24.80799
8897,22.652622
8898,17.29362
8900,21.401232
8901,24.755184
8903,21.610512
8904,26.241917
8906,20.643335
8907,23.26509
8909,21.195915
8912,25.758211
8913,18.256128
8914,22.788332
8924,14.487053
8937,24.759628
8938,22.21762
8939,26.327002
8945,24.790009
8947,21.221756
8951,26.850666
8956,23.390186
8957,20.135927
8962,18.157944
8963,24.580471
8964,21.994112
8965,23.24585
8967,24.066078
8969,20.018705
8970,26.038872
8973,24.992495
8974,22.900011
8975,18.315334
8979,25.605474
8981,15.993966
8985,22.074753
8994,22.881578
8995,19.783415
8996,22.488642
8997,23.75185
9004,26.558783
9013,25.150705
9014,26.772755
9016,22.10772
9017,22.24201
9024,24.496927
9026,20.216284
9027,25.042753
9030,24.651133
9038,22.451109
9039,24.258564
9044,19.779022
9047,24.269732
9048,24.290958
9049,28.733507
9052,22.704403
9056,18.14362
9061,27.442665
9062,23.190237
9064,27.192287
9065,16.41683
9068,22.020521
9070,19.043026
9071,24.353132
9078,25.149858
9080,22.163252
9081,24.146734
9083,23.97449
9084,25.299164
9090,21.712837
9092,23.400658
9093,21.325832
9103,24.5217
9105,26.067408
9106,22.919367
9108,24.444006
9109,24.528864
9117,22.589624
9118,23.06266
9119,26.803566
9124,23.522346
9131,16.395102
9133,26.948942
9134,19.666725
9141,24.627512
9146,21.032278
9147,24.554546
9148,20.95896
9151,23.711447
9153,20.466656
9163,16.522306
9168,21.381884
9179,24.67413
9181,23.665092
9186,28.99561
9191,23.885141
9192,17.993671
9197,21.618595
9198,20.245361
9199,21.60051
9200,25.247028
9205,19.48366
9207,21.329636
9208,22.567461
9211,18.984882
9220,26.639475
9228,26.77807
9233,28.664755
9234,23.660412
9235,23.98246
9238,21.081266
9239,20.534811
9240,24.886343
9241,26.343138
9243,21.767708
9244,23.910374
9245,25.711943
9253,25.962
9255,19.754892
9263,16.68294
9264,21.5421
9265,25.381083
9270,25.26968
9271,24.906681
9277,25.099613
9280,23.622995
9286,24.936466
9295,25.987274
9297,26.978062
9298,24.811106
9310,24.164186
9311,24.867237
9315,16.761475
9316,25.04837
9317,23.486523
9318,23.13842
9319,24.22808
9322,25.972742
9325,20.262577
9328,23.472357
9329,17.135662
9336,23.515081
9337,20.724014
9338,28.230375
9343,25.853222
9344,21.835596
9347,15.815177
9350,18.497297
9351,22.947903
9354,26.658987
9357,25.615894
9362,24.821142
9363,21.153524
9365,25.059458
9366,26.439007
9367,26.687113
9368,19.708721
9372,26.268614
9376,24.242928
9385,18.158648
9386,25.959448
9387,19.197712
9390,29.039768
9391,21.735312
9397,26.111444
9399,19.759531
9400,23.101639
9401,23.588823
9407,25.41967
9416,23.826769
9418,17.619654
9419,24.753992
9421,23.138155
9422,19.042072
9423,22.383308
9424,27.198309
9428,24.333124
9429,24.847013
9435,22.749905
9436,22.18425
9443,25.729897
9446,23.336569
9447,23.508862
9453,26.37971
9460,23.65209
9464,29.199253
9465,16.167532
9466,16.793566
9467,22.441965
9469,19.885706
9472,20.615055
9473,25.72416
9474,26.526615
9475,17.052982
9480,24.95211
9483,24.174732
9484,19.720093
9489,26.05475
9498,25.206642
9499,24.74241
9500,25.794714
9504,25.80164
9513,18.82127
9517,24.636087
9519,20.615473
9520,23.63166
9525,20.449888
9527,24.92844
9532,18.119709
9533,14.85644
9543,18.326702
9547,24.426287
9549,23.054707
9550,22.097477
9551,26.580256
9552,22.46502
9553,26.2502
9559,24.122131
9560,16.897068
9561,21.338844
9562,24.290916
9563,24.282759
9565,22.28285
9568,20.810844
9573,28.896294
9574,22.483177
9575,22.674072
9576,18.041536
9578,23.121092
9580,21.52292
9582,20.520678
9591,26.21177
9592,25.884886
9593,23.790552
9596,25.015879
9597,23.636778
9598,25.224766
9599,15.788723
9601,19.52715
9605,24.033236
9606,23.935833
9609,22.612652
9616,25.080524
9617,25.526875
9618,19.647846
9619,28.219936
9620,21.452942
9624,27.66575
9625,25.896074
9629,16.787369
9633,26.056873
9634,27.594383
9635,25.467163
9637,30.036037
9642,20.763777
9644,24.080362
9646,21.695877
9655,24.4449
9658,18.816206
9660,24.350056
9663,24.056938
9666,26.016113
9667,25.897724
9668,26.670605
9675,23.947914
9679,18.87533
9683,25.497797
9686,20.165094
9687,26.264725
9692,17.477566
9695,27.670143
9699,24.52747
9700,22.906261
9704,18.845331
9713,20.987654
9714,19.768326
9716,23.825981
9723,23.104256
9726,27.078716
9728,21.741253
9729,21.865639
9735,25.722918
9737,20.98468
9738,21.71587
9739,24.566246
9741,23.119856
9750,16.206312
9752,18.632809
9759,23.304237
9760,13.844974
9762,25.872112
9763,28.107664
9766,24.807026
9767,25.411774
9769,28.162077
9775,19.175413
9777,25.920803
9789,25.672424
9792,26.043863
9793,18.668947
9795,26.813738
9803,25.69752
9805,18.52342
9806,23.331606
9807,24.912144
9814,17.300154
9817,24.80905
9819,22.765266
9820,27.48432
9822,22.210737
9827,20.651356
9831,25.411268
9835,22.716421
9836,23.049696
9838,25.163105
9846,25.350342
9849,21.63748
9850,18.697113
9852,19.356272
9864,23.542194
9867,23.972216
9869,23.444433
9876,21.209536
9883,21.459452
9886,24.033684
9888,25.473738
9890,22.355875
9891,22.771608
9896,26.325535
9898,22.116585
9901,24.298578
9918,21.321678
9920,24.714325
9922,20.572327
9925,19.688383
9927,24.129969
9931,15.67949
9932,25.186733
9933,23.848763
9943,23.46305
9944,22.573748
9948,24.400827
9951,26.680191
9964,22.02403
9965,25.39922
9971,24.057568
9972,24.720993
9973,20.39233
9980,21.870737
9981,27.77349
9982,23.377378
9983,24.615396
9988,22.279408
9990,24.375772
9997,22.723347
9998,21.113487
10000,19.079853
10001,26.1417
10003,25.82077
10006,18.545996
10008,21.811121
10010,29.92281
10013,23.36525
10014,21.184761
10019,23.803148
10023,24.685886
10024,22.723524
10027,25.07332
10029,24.171875
10030,24.753548
10032,19.173067
10039,20.830362
10040,24.719034
10044,27.163273
10045,20.083088
10048,25.727768
10051,22.019281
10054,20.321655
10061,26.56701
10062,25.128077
10064,21.882256
10065,24.63747
10066,21.648506
10068,20.858694
10073,22.131584
10079,21.110527
10087,25.53137
10088,25.480188
10090,27.112072
10096,25.218384
10104,23.405611
10107,27.053328
10108,24.718796
10109,19.85375
10110,22.935675
10112,27.940128
10117,23.840815
10118,18.442745
10119,25.033945
10120,22.476755
10123,21.510681
10129,25.105274
10131,29.4468
10134,25.736237
10135,23.2016
10137,24.458183
10138,20.32263
10139,21.776918
10143,26.04295
10144,23.864449
10147,26.737383
10153,25.588583
10154,25.30676
10156,22.446772
10160,19.63957
10164,23.179893
10179,22.504042
10183,23.562727
10185,24.270746
10187,27.934637
10190,24.808018
10194,21.577717
10199,24.989458
10200,24.382265
10206,25.717707
10207,22.22908
10209,22.056927
10210,20.09033
10213,25.509464
10214,23.965368
10218,24.084606
10229,24.443525
10230,24.460651
10231,26.131086
10232,22.445112
10234,22.812294
10236,15.259676
10238,24.529861
10240,25.059675
10241,25.189196
10243,18.418795
10244,24.042107
10245,22.282084
10246,27.356176
10247,24.942024
10250,25.852943
10251,22.448599
10252,23.450098
10267,22.245344
10270,26.13998
10271,22.75902
10273,25.081438
10274,22.505312
10275,28.556686
10276,20.97954
10281,20.537085
10285,21.65608
10288,25.29196
10292,25.780174
10293,23.403511
10294,21.516024
10300,25.457474
10303,25.393925
10307,25.949917
10308,26.527346
10313,19.692837
10314,17.749674
10321,20.637707
10327,23.280943
10329,21.13517
10331,21.506596
10334,24.127869
10342,25.414288
10343,25.974743
10345,23.508125
10348,24.367186
10350,20.20219
10354,24.535938
10355,23.26633
10356,23.875631
10358,19.600735
10359,26.705257
10361,16.783943
10363,19.788559
10368,24.68609
10373,18.346142
10377,24.394897
10379,24.120525
10380,25.008585
10384,25.806044
10386,25.008585
10387,22.55366
10389,24.231768
10390,25.789143
10391,27.062529
10396,22.613382
10397,24.067331
10398,22.672903
10399,17.661163
10400,24.100422
10402,27.546225
10409,23.2931
10411,26.672415
10414,19.022026
10418,24.65786
10420,21.080503
10422,25.500738
10428,25.172882
10429,18.189981
10430,22.674356
10433,22.310843
10434,25.99725
10436,24.443035
10437,22.92525
10440,23.87014
10441,20.948166
10443,24.467382
10445,21.852808
10446,17.912762
10447,21.140396
10448,24.197014
10451,24.069393
10452,22.947124
10453,28.427578
10455,23.899033
10457,22.2033
10463,28.211779
10464,23.44669
10466,27.166355
10468,16.20409
10471,22.169577
10472,23.990723
10473,24.915623
10474,22.901001
10475,22.960274
10485,26.035614
10487,23.738207
10500,26.472475
10506,19.729456
10508,26.176678
10509,22.938543
10510,25.23184
10519,23.707191
10520,24.341793
10521,24.540482
10527,22.649317
10532,22.939053
10534,25.43468
10535,21.036116
10537,24.978722
10540,26.397055
10543,26.777065
10549,25.099613
10550,22.368376
10554,24.753855
10557,24.347378
10560,23.463528
10562,22.61533
10567,15.903593
10570,17.204796
10575,19.708252
10576,21.493574
10578,25.758345
10580,17.697767
10582,25.995922
10583,24.675146
10591,23.55549
10595,18.735384
10596,28.749819
10598,25.21785
10600,26.128313
10603,24.22358
10606,26.843515
10608,25.225868
10610,24.156157
10611,26.787283
10615,20.22366
10629,23.999298
10631,19.159668
10641,22.710869
10645,26.983824
10655,16.93793
10656,22.184668
10658,27.257713
10659,19.207336
10663,25.938152
10664,21.01206
10665,23.956858
10670,21.586813
10672,26.576092
10676,19.192837
10681,15.5247965
10684,17.491257
10685,19.34357
10686,24.172647
10687,23.937693
10695,20.85259
10700,25.06578
10702,24.535418
10713,26.105495
10716,21.853598
10717,22.95964
10722,21.812836
10723,25.275818
10724,19.2967
10730,24.388409
10733,25.239573
10736,20.401016
10740,20.115295
10745,19.969433
10746,22.654945
10753,24.954494
10755,26.243254
10759,23.912289
10762,27.67214
10763,22.512117
10765,25.370184
10767,20.690907
10769,22.111734
10773,23.831066
10777,23.696344
10778,24.688612
10781,22.883999
10782,20.445486
10786,19.498709
10787,21.385206
10788,22.869047
10791,19.287638
10793,21.624
10797,22.557755
10799,24.433132
10801,16.466053
10802,20.767288
10804,20.871624
10805,25.802996
10807,23.786219
10812,20.582445
10829,26.24836
10833,24.55174
10834,17.909836
10838,22.26067
10844,16.05484
10845,25.917336
10847,20.015228
10864,21.65267
10869,20.82855
10870,20.98398
10871,25.585361
10877,22.211088
10878,22.910498
10884,25.09922
10888,23.253738
10889,19.439798
10890,18.884644
10893,25.123539
10897,18.48011
10900,18.523623
10904,25.84458
10908,27.023811
10910,24.394375
10911,23.133417
10915,29.73603
10916,25.482552
10921,23.906403
10923,23.356096
10930,23.13121
10931,24.621624
10932,16.877888
10933,24.533821
10938,25.100815
10941,21.762384
10942,22.906036
10944,27.895409
10945,23.674465
10947,23.53376
10952,22.356768
10953,24.82112
10956,24.729332
10957,21.613813
10967,22.475746
10969,22.565662
10972,25.37314
10974,18.93666
10979,24.56045
10982,23.444607
10985,24.083853
10988,26.511517
10990,23.845764
10996,24.310307
10998,23.13712
11000,22.975456
11002,23.23183
11007,17.0071
11008,25.485176
11009,25.230991
11010,22.457224
11012,22.221241
11014,21.561481
11015,21.520992
11016,24.007133
11017,24.40049
11032,23.258606
11034,20.944374
11035,22.26181
11036,20.12034
11043,24.701202
11047,26.894438
11048,26.975813
11049,22.953983
11050,18.964642
11055,22.598576
11060,26.852304
11061,23.718245
11062,15.976643
11063,26.685078
11064,21.932375
11066,24.591856
11067,29.292717
11069,24.199604
11073,23.565556
11075,28.290234
11086,25.313234
11090,23.960146
11093,18.764988
11094,24.204514
11100,25.73371
11102,22.346222
11105,27.288532
11107,26.97019
11108,26.088585
11118,22.135258
11121,23.785421
11122,24.820105
11126,22.763508
11127,21.709599
11130,26.67443
11131,21.812483
11132,20.02076
11133,20.088337
11139,25.533543
11142,24.41759
11147,23.98126
11149,26.572844
11154,25.923933
11156,21.998386
11157,18.886553
11161,19.38172
11164,23.425201
11167,26.548435
11168,23.936638
11170,21.26648
11172,26.035595
11173,20.3759
11175,23.964226
11178,22.89354
11181,26.6505
11182,21.894608
11184,25.440105
11185,19.231262
11189,24.451588
11198,23.849623
11199,25.807755
11203,21.60017
11208,24.658783
11209,17.493073
11210,19.908451
11211,17.601477
11213,26.299055
11219,24.335463
11223,22.859621
11228,21.744204
11232,27.029476
11234,25.651535
11235,18.855
11238,21.841835
11241,21.074741
11245,19.695335
11251,17.476456
11252,26.124126
11253,21.288761
11256,24.918972
11257,24.854319
11258,24.962343
11259,26.599691
11263,22.519703
11268,25.909834
11269,20.633272
11271,26.18933
11277,24.7563
11278,20.966797
11289,26.601213
11292,23.47383
11294,24.140856
11297,26.26928
11299,26.047613
11300,26.114998
11304,23.595465
11309,16.330444
11317,22.392767
11319,25.492275
11320,25.476233
11321,20.95898
11324,19.610903
11326,24.70424
11329,29.264584
11330,23.69918
11331,24.191189
11332,23.712002
11335,24.825195
11339,25.256506
11341,25.239237
11342,22.54008
11343,25.478807
11347,25.339819
11349,21.936153
11356,25.398735
11358,25.349207
11362,22.8232
11364,25.887726
11366,20.427475
11372,20.688292
11378,24.10856
11380,25.392632
11381,21.53282
11383,23.136728
11384,18.948645
11385,25.71178
11389,25.077785
11390,21.713337
11391,16.15379
11393,29.222004
11395,26.153055
11400,27.671999
11403,26.289604
11408,24.707985
11410,21.403309
11412,21.62454
11423,23.560173
11430,18.417355
11432,22.972225
11433,25.323072
11436,20.487698
11437,23.262005
11441,22.817257
11443,22.892136
11448,26.44716
11451,24.00959
11455,25.677256
11457,26.294777
11463,25.573378
11464,25.295961
11465,20.649529
11477,23.924168
11479,19.292606
11485,17.734869
11487,22.524614
11490,24.812014
11492,22.498867
11493,26.860434
11494,25.463427
11498,24.71006
11500,25.779594
11502,22.779871
11505,21.655704
11506,19.03653
11507,17.890753
11509,21.680008
11513,26.120253
11514,26.013725
11523,25.932398
11527,27.443214
11535,21.700024
11537,21.658913
11539,24.402632
11540,23.91964
11547,21.444933
11548,22.646841
11550,21.898659
11552,25.9004
11553,27.146694
11555,22.3754
11560,23.354803
11561,22.265682
11562,24.355774
11573,20.757631
11576,22.409245
11580,24.38218
11581,24.079897
11589,17.866285
11590,25.830095
11600,22.92307
11602,24.76837
11611,25.869091
11614,25.975267
11625,23.079437
11630,25.718517
11634,20.368704
11639,20.19202
11640,24.473145
11641,22.66997
11642,28.9175
11647,22.914797
11648,19.40892
11649,22.247051
11654,22.384115
11655,23.670311
11657,19.691624
11661,20.596205
11665,17.72833
11667,23.862965
11671,23.779375
11676,24.910885
11677,23.293964
11678,27.278883
11685,23.416897
11699,25.323778
11702,23.736095
11705,16.997541
11709,24.538568
11712,28.675488
11715,24.759247
11722,27.082333
11731,21.947529
11734,23.096317
11736,22.440306
11741,27.077328
11745,22.988054
11750,24.241007
11751,21.791206
11755,23.262465
11758,24.21678
11759,22.337818
11761,26.133615
11764,20.832268
11765,25.424198
11767,27.701763
11769,24.197287
11770,23.426544
11771,13.730869
11777,25.066711
11778,25.240702
11780,24.495256
11781,24.834253
11783,26.480385
11786,27.078085
11787,22.279907
11789,22.867786
11792,18.910576
11797,20.679047
11798,22.83508
11804,21.675552
11817,27.241669
11818,24.207226
11819,25.469862
11820,21.451097
11834,25.723148
11835,19.055079
11837,25.506744
11838,21.045826
11839,25.337622
11841,25.134062
11844,14.812028
11847,22.313305
11850,23.037336
11855,26.262222
11860,18.467672
11865,20.570131
11866,22.63494
11870,21.04392
11871,22.335016
11876,25.285986
11880,21.284075
11881,19.411716
11884,23.834042
11886,22.166576
11888,24.823092
11889,22.91666
11892,23.943893
11894,23.226156
11895,27.47376
11897,20.41919
11900,25.034056
11901,25.27937
11904,24.446148
11907,23.446331
11910,24.529802
11911,21.897158
11919,21.418438
11922,18.59093
11923,23.360973
11924,20.714275
11927,22.756172
11929,23.615873
11931,22.970793
11933,28.378271
11935,20.640463
11945,22.479223
11957,20.96034
11958,25.248789
11959,21.584885
11962,28.371176
11966,23.336258
11968,24.89566
11970,21.9324
11971,20.733803
11972,20.623404
11974,24.733175
11975,25.182358
11991,21.8568
11995,27.825905
11996,25.384148
11997,24.316671
12002,23.136816
12006,23.134697
12008,26.562721
12011,26.536606
12016,25.852482
12020,23.026619
12021,17.655125
12022,25.98141
12024,23.994858
12027,24.446974
12029,20.135782
12034,21.246704
12036,21.276485
12039,24.089888
12041,22.931803
12043,24.211739
12044,18.111195
12051,20.201084
12055,23.315214
12058,26.754469
12059,27.095076
12060,23.601288
12061,15.491126
12066,16.461836
12067,20.03918
12076,23.633173
12077,25.259806
12079,26.964605
12081,20.952288
12082,26.394018
12084,24.417633
12087,25.544588
12091,23.100977
12095,20.033594
12096,25.555807
12097,23.625608
12104,17.552502
12107,20.723173
12108,24.190502
12111,20.420053
12112,21.06596
12115,20.532667
12120,20.547565
12122,25.165745
12123,24.6365
12126,20.338985
12127,23.785435
12129,18.839718
12132,26.804152
12140,25.659632
12147,21.638044
12148,24.903393
12150,25.811293
12152,19.496555
12154,26.575205
12162,25.71713
12166,24.68507
12168,23.734547
12171,19.251564
12172,24.757034
12175,23.357706
12176,20.958632
12177,25.545235
12179,19.955523
12180,22.020973
12181,25.711441
12182,25.512945
12187,23.690838
12191,21.904846
12195,22.687246
12197,22.924725
12198,17.990587
12200,25.685053
12201,22.332218
12203,25.087887
12205,26.356842
12206,23.991964
12215,23.290628
12218,24.560772
12223,24.184084
12225,25.807484
12226,28.270544
12227,18.1654
12230,25.555937
12231,20.225346
12235,23.98113
12236,20.294222
12237,21.115112
12238,14.864702
12239,22.042852
12241,26.534843
12242,26.704271
12244,23.998564
12245,15.699955
12251,26.92659
12254,21.208797
12256,26.288008
12258,21.935183
12262,24.211811
12264,25.392641
12266,23.63528
12267,24.996351
12268,17.246737
12270,24.144789
12271,17.333118
12276,23.416004
12277,24.694397
12286,25.372461
12290,24.195454
12291,23.410822
12292,23.99054
12298,24.257153
12300,19.865181
12303,22.711891
12309,25.190123
12312,23.42694
12316,26.023132
12323,19.338863
12325,21.242022
12326,24.792725
12330,21.52171
12333,22.398163
12334,23.659624
12342,27.283234
12347,21.695162
12354,26.259422
12356,28.458176
12357,24.572208
12360,20.302156
12364,24.41051
12370,18.955515
12372,18.286343
12373,27.266628
12378,26.620722
12381,26.111786
12383,26.069262
12393,24.608934
12397,18.338564
12399,22.925238
12401,25.86083
12403,27.71243
12404,24.266945
12406,24.496397
12408,23.42705
12409,22.565742
12411,24.057613
12412,22.147102
12414,25.988894
12426,28.091984
12430,21.351833
12440,22.50096
12441,21.60493
12445,25.16895
12448,23.020111
12449,21.80224
12455,25.101473
12458,22.665041
12464,26.241386
12467,26.587168
12468,28.217009
12474,24.826475
12481,22.066587
12482,23.934923
12483,29.885384
12485,26.576115
12487,21.300714
12489,23.691322
12492,25.830318
12493,26.459122
12494,27.198236
12495,25.45626
12499,22.43121
12500,24.174646
12505,24.445902
12509,24.382492
12511,20.794994
12514,27.462414
12515,21.314148
12517,19.954882
12520,17.099451
12522,25.601723
12523,25.619972
12525,24.728151
12526,25.384554
12529,16.554817
12530,20.822565
12532,16.913298
12537,21.89288
12540,19.833109
12541,25.607805
12543,19.655901
12546,25.385277
12547,23.662449
12548,24.098621
12558,27.207693
12562,25.615238
12565,25.520779
12574,26.593155
12576,29.328993
12582,23.050272
12583,23.58199
12591,24.574522
12608,21.362148
12611,20.225418
12612,23.514778
12613,24.246483
12617,27.99411
12618,19.819271
12619,24.336292
12621,18.36728
12622,25.100555
12625,19.840946
12631,18.32022
12636,24.30285
12643,20.694315
12648,25.575527
12653,27.266087
12658,28.309473
12659,20.710945
12660,22.130901
12663,25.167347
12664,25.08002
12671,23.547201
12672,24.290745
12674,25.724821
12676,22.78958
12677,26.142267
12680,25.965359
12685,21.701054
12688,25.86842
12690,21.744268
12691,21.118883
12695,20.649576
12699,23.267239
12705,23.961796
12708,24.257805
12709,22.71624
12712,25.539341
12716,24.64228
12720,26.489943
12721,22.314629
12725,25.682722
12726,24.805794
12728,21.50483
12729,25.360764
12731,24.429022
12732,26.650063
12734,24.324675
12735,23.351204
12738,25.988869
12743,25.46363
12746,22.954823
12749,22.602695
12752,22.531641
12755,30.062183
12760,24.081018
12766,24.665228
12776,18.468235
12784,25.395475
12785,22.509262
12786,24.991928
12787,27.883694
12788,19.70507
12790,24.436302
12794,25.327715
12796,25.984444
12799,24.7007
12801,24.05967
12805,25.35795
12808,27.341
12809,22.229698
12812,25.720522
12816,23.44881
12817,23.573198
12818,26.619886
12820,26.207592
12828,24.176222
12836,20.376245
12838,22.888475
12842,25.190525
12843,24.802088
12844,24.078178
12853,20.053898
12858,20.520292
12859,22.963545
12861,26.91751
12862,23.337328
12863,18.008842
12864,22.201536
12868,14.443635
12870,24.196543
12871,20.558924
12873,22.03413
12874,24.883932
12876,22.254978
12888,25.205465
12896,22.433289
12899,23.857746
12900,25.136217
12902,20.263462
12906,21.523258
12908,24.782328
12911,24.129534
12912,17.92564
12915,24.27047
12916,26.000366
12921,23.03461
12922,23.033089
12926,24.638332
12929,24.274559
12930,27.927713
12932,19.29912
12934,16.484932
12935,22.954018
12943,29.538168
12950,21.6755
12951,24.272467
12952,24.300533
12954,27.640053
12956,24.657383
12959,21.552406
12960,23.21996
12961,19.247643
12964,21.307768
12967,26.472712
12968,25.259325
12971,24.75391
12972,22.626087
12973,23.422035
12975,25.44643
12976,24.809412
12977,24.934387
12978,21.062565
12980,24.601927
12982,23.822691
12986,20.726213
12991,21.302176
12994,25.672792
12995,15.340747
12999,23.154165
13001,24.963667
13004,23.685003
13006,17.388163
13007,22.909988
13010,17.73354
13014,18.810032
13015,20.02857
13019,25.342855
13029,22.250225
13030,23.423946
13032,23.41517
13039,24.699322
13040,21.920746
13045,24.659117
13047,24.05325
13050,26.126093
13055,27.350592
13058,22.012981
13063,21.297472
13064,18.088211
13067,23.034534
13068,20.898176
13072,24.83943
13073,15.766838
13074,22.339622
13075,19.207897
13079,23.67154
13081,23.251617
13082,22.260958
13084,23.4822
13087,23.006138
13090,22.41374
13104,18.697784
13106,23.666946
13107,20.810192
13109,19.782566
13113,25.785389
13115,19.651554
13116,23.173874
13117,22.655403
13119,18.722588
13120,20.88541
13135,23.804575
13137,21.834888
13138,21.877651
13140,25.419004
13141,24.35449
13149,25.709108
13151,26.337605
13154,26.21011
13159,25.268572
13160,23.744816
13163,16.715658
13164,18.92185
13165,25.15071
13167,21.392874
13169,20.131119
13172,20.367353
13177,26.01169
13181,21.538883
13187,26.093616
13188,25.280293
13193,23.669302
13194,22.726347
13196,29.166374
13200,24.127026
13207,25.118181
13209,21.023254
13211,22.253012
13215,27.427677
13217,24.74854
13219,20.434196
13223,24.653385
13226,21.464455
13231,24.6923
13236,21.424881
13239,29.176968
13241,27.902615
13244,23.218182
13245,25.714867
13250,30.813742
13257,19.19359
13258,22.14678
13265,23.232323
13267,23.618002
13269,24.476679
13271,24.66232
13272,22.133171
13277,20.014565
13280,20.223904
13281,22.646105
13282,23.177864
13284,21.459679
13285,24.461
13288,24.423018
13289,26.441666
13295,25.854269
13300,24.86419
13301,25.827526
13303,26.979296
13305,18.902285
13309,25.553349
13311,15.545956
13312,25.114336
13314,20.804604
13315,26.151903
13318,21.135769
13323,23.005323
13324,24.14282
13329,24.421957
13333,23.511612
13336,25.505636
13339,28.983051
13340,22.246092
13344,21.422989
13345,26.081352
13352,25.235172
13356,17.534206
13357,24.44336
13360,25.220938
13366,23.825584
13367,19.328794
13370,25.085125
13373,25.49999
13375,26.219187
13376,21.48745
13379,23.319546
13384,24.195894
13385,24.812006
13396,25.054564
13404,20.64744
13405,22.907639
13409,19.086142
13411,17.280695
13412,19.450342
13413,25.86589
13414,20.908648
13416,25.039196
13418,25.72399
13419,23.551405
13420,25.59087
13422,26.07795
13426,21.020912
13435,22.871037
13436,26.05838
13443,21.611517
13447,22.746292
13451,25.884954
13455,24.17685
13457,25.980734
13460,23.071001
13461,19.661303
13462,18.665674
13465,27.29627
13467,23.697048
13469,24.682045
13473,21.277826
13476,20.883337
13478,22.296385
13481,24.739195
13490,16.08301
13492,19.080772
13497,24.814102
13498,21.82217
13499,23.722992
13500,24.503666
13501,22.69685
13505,25.751915
13509,26.386307
13513,22.24972
13514,19.721924
13519,19.149714
13520,24.249903
13521,25.743374
13523,20.997387
13527,24.839767
13531,20.528515
13538,23.433403
13542,25.215645
13547,31.444386
13552,23.220596
13556,23.497782
13557,20.990011
13560,16.666769
13561,24.65496
13562,25.535412
13568,24.401392
13571,21.627422
13573,20.707575
13574,22.141104
13582,24.605639
13583,17.875189
13585,21.74612
13587,23.059093
13594,28.018177
13597,23.7516
13601,22.387365
13602,20.008488
13604,28.344475
13607,26.271141
13608,20.817698
13613,16.063593
13616,22.09332
13618,26.449701
13624,26.178665
13625,16.63927
13628,26.003733
13630,21.753368
13632,22.50467
13633,20.853182
13637,24.45735
13638,24.445656
13642,24.332626
13643,23.137178
13649,25.118902
13650,24.60652
13651,21.250957
13655,23.53577
13656,27.759527
13657,21.584679
13658,24.162905
13663,23.658007
13667,18.611927
13674,18.491045
13678,25.290907
13680,24.438656
13681,25.907354
13691,25.383871
13695,20.096972
13698,21.75234
13699,20.800543
13703,22.250849
13706,26.037216
13708,21.476017
13711,26.00595
13713,26.724154
13715,26.53927
13717,26.040342
13720,19.680725
13723,18.829405
13724,24.490803
13725,19.48237
13726,25.106619
13728,26.152975
13731,32.773384
13733,25.171179
13734,16.335335
13735,20.116245
13737,24.791595
13738,20.690613
13740,22.061184
13742,24.310633
13747,24.053782
13748,25.399227
13751,22.840336
13755,22.077316
13756,12.194212
13758,23.90287
13761,19.989517
13763,21.335081
13765,25.43113
13767,19.057137
13776,24.969719
13779,22.386063
13784,24.565943
13785,26.439524
13787,26.122877
13790,27.98954
13795,27.04288
13796,23.18865
13800,25.157352
13801,16.642973
13802,24.73207
13803,24.475872
13805,21.273727
13806,25.147272
13809,23.488026
13814,16.430937
13816,20.82009
13817,25.81366
13818,23.11212
13819,18.392666
13821,25.287867
13823,23.857384
13829,20.664583
13832,17.45455
13834,23.95746
13835,24.686846
13836,24.070097
13840,20.884897
13841,18.977032
13843,25.011974
13848,20.499819
13851,22.299791
13853,23.64861
13858,17.822487
13859,24.413326
13861,27.086035
13862,24.944555
13864,21.255692
13867,22.526995
13869,23.725708
13870,24.720078
13874,25.337873
13878,24.786114
13880,26.820635
13891,22.956444
13893,19.05691
13896,17.536295
13898,25.772114
13901,23.263393
13904,24.397964
13908,25.259106
13910,22.905273
13911,20.459784
13912,23.20369
13914,23.803936
13917,26.006227
13919,17.339134
13920,26.591047
13921,26.194202
13923,20.794672
13924,22.476395
13927,25.282797
13928,22.818512
13929,27.549889
13935,24.16969
13939,22.603456
13941,24.949228
13943,24.19195
13945,23.48125
13946,20.448654
13948,21.592846
13951,21.993313
13958,24.466103
13960,20.972963
13961,25.471535
13963,18.397749
13965,14.589344
13968,20.796022
13976,24.252241
13977,25.11952
13978,23.93074
13979,24.097057
13980,25.551022
13984,18.855448
13989,17.044205
13992,25.853756
13993,25.98173
13997,25.063177
13999,21.12566
14004,19.073448
14005,20.660028
14011,26.715614
14013,25.73522
14018,25.593437
14020,23.919083
14024,21.644243
14026,22.515572
14028,27.379414
14033,24.0854
14035,23.657366
14039,19.698988
14043,23.748772
14045,21.033684
14048,14.631615
14050,27.386568
14063,23.292347
14064,24.314068
14071,27.759033
14073,18.804676
14077,24.725424
14078,24.224306
14080,21.443174
14082,24.450531
14094,21.88341
14098,18.42747
14107,21.012972
14109,24.256678
14110,27.005552
14112,20.08163
14114,19.643038
14122,21.160458
14126,29.144579
14129,27.24089
14133,25.44624
14139,23.53438
14142,24.369602
14146,18.057657
14147,23.459557
14148,19.081278
14149,21.965286
14154,16.125883
14158,19.808046
14159,28.714819
14160,16.51043
14163,23.03182
14169,25.299664
14186,25.150208
14187,20.105328
14189,15.329667
14193,25.40586
14195,18.903198
14196,25.163872
14201,26.487091
14203,20.02562
14210,23.295551
14212,27.232197
14213,24.114973
14215,24.562716
14218,23.67492
14219,17.808731
14220,25.257072
14223,21.485529
14226,27.146538
14227,20.288267
14228,24.130306
14230,23.778862
14232,24.740536
14235,25.585123
14242,27.842937
14243,19.303822
14245,24.071836
14253,21.147728
14259,25.49455
14261,25.932583
14268,24.998112
14270,21.298975
14272,22.499323
14276,23.209038
14277,24.046526
14280,19.115702
14281,22.922987
14284,25.280972
14285,19.589636
14288,21.800047
14293,20.773045
14296,25.776484
14298,18.831455
14304,19.835217
14307,24.709787
14308,22.118525
14309,19.713352
14310,27.332376
14311,22.982027
14313,24.21146
14319,27.145924
14325,26.476698
14327,25.054832
14332,24.898724
14339,18.367142
14341,18.805614
14342,20.567787
14351,21.646046
14352,25.459469
14353,25.50093
14356,27.732304
14359,20.72105
14362,18.552204
14363,26.358955
14374,23.305202
14375,22.981562
14382,20.968857
14383,24.352758
14384,16.852879
14385,19.530775
14386,19.859213
14388,20.440716
14390,19.2744
14392,18.919151
14393,22.033308
14395,22.968113
14408,23.379404
14413,24.59178
14414,23.723675
14417,22.669744
14418,27.121576
14420,27.42077
14422,24.14734
14424,21.181957
14426,26.648718
14427,26.058264
14430,21.337786
14431,24.520317
14432,26.598972
14433,22.70739
14436,23.516483
14441,24.45
14442,26.733997
14444,20.444693
14446,23.956833
14451,25.06277
14453,20.0892
14456,24.326288
14459,21.396624
14461,20.501884
14462,23.388466
14463,30.197996
14467,24.33739
14469,24.09986
14470,25.041418
14477,23.296602
14479,25.081553
14485,24.710783
14488,23.44139
14496,21.10013
14497,22.847256
14499,25.179989
14504,26.112703
14505,24.266384
14512,24.677591
14518,23.952763
14519,23.998068
14525,25.304955
14526,20.835175
14527,16.57694
14533,23.270067
14534,24.837679
14535,22.760939
14539,25.868835
14541,18.938614
14542,23.43098
14543,27.746107
14548,25.102793
14552,24.279497
14557,29.508282
14559,25.072222
14560,25.04236
14569,23.646322
14574,26.396675
14575,21.36337
14578,26.718971
14579,19.850035
14580,25.275742
14584,24.585527
14591,24.566175
14595,19.972359
14598,21.856873
14601,26.625042
14604,23.582882
14607,24.911554
14611,21.397594
14613,22.043219
14615,19.132591
14617,23.083107
14628,20.036098
14630,23.190674
14632,24.912983
14636,21.11181
14638,21.150127
14640,18.89534
14643,26.681406
14644,23.945225
14649,27.625385
14650,24.203064
14656,27.318804
14657,19.341354
14659,25.602581
14661,28.39473
14664,24.373579
14668,26.47702
14673,27.41476
14674,24.013565
14675,24.519562
14677,23.591871
14680,26.79708
14684,28.173012
14685,24.328363
14686,24.41235
14689,23.401827
14691,24.752642
14692,25.993692
14693,25.486444
14698,20.354475
14702,17.835716
14703,25.722572
14705,25.424673
14708,24.524233
14710,24.712912
14711,27.032064
14713,26.630745
14717,24.892736
14718,23.263489
14722,22.450977
14724,25.27231
14728,25.092144
14730,23.612436
14735,22.841106
14736,20.849258
14738,22.334608
14741,25.18921
14742,22.45761
14743,22.672493
14745,22.236769
14749,21.059963
14750,24.32605
14752,24.36314
14754,20.381348
14756,21.450167
14757,21.766964
14758,22.336535
14759,26.653204
14763,21.44543
14765,24.540848
14766,24.077055
14767,25.707357
14768,25.755405
14769,25.374401
14771,24.385351
14776,24.775658
14781,24.884418
14782,26.561674
14784,19.565786
14787,20.820824
14790,23.170715
14799,25.657106
14801,26.173006
14807,21.747631
14808,23.674015
14809,23.834665
14812,22.399088
14813,22.935673
14814,17.566479
14815,24.327848
14822,23.094515
14824,18.256748
14825,23.34388
14826,21.984732
14827,25.538492
14830,25.775497
14831,24.349945
14834,21.934803
14836,24.238249
14837,24.224327
14839,26.527182
14840,16.60752
14844,20.553246
14846,24.305387
14849,25.039593
14850,20.733269
14852,23.137184
14853,22.809786
14857,25.529888
14859,24.451462
14860,26.681353
14866,24.358633
14867,23.692638
14873,21.380621
14876,24.27905
14877,23.247488
14879,23.967281
14880,23.0612
14882,24.487703
14887,20.113665
14890,25.200205
14892,21.796986
14898,17.992512
14899,26.544106
14900,18.937452
14902,23.005829
14906,16.777555
14908,24.327826
14910,17.790182
14919,20.809242
14920,23.642597
14921,27.588203
14922,28.148964
14926,21.15781
14930,23.581581
14933,20.179094
14936,23.982298
14941,21.241743
14943,26.054684
14947,24.752367
14953,25.570166
14955,22.691204
14956,25.153248
14957,25.998707
14959,24.613514
14963,26.533186
14971,22.949312
14973,24.866777
14983,21.946035
14984,22.110004
14986,17.500086
14992,24.797905
14996,22.61647
14999,20.908823
15003,27.828638
15004,20.670788
15009,23.41033
15011,23.056843
15019,20.808537
15021,22.606573
15024,22.356739
15032,26.54767
15034,26.956045
15038,23.701927
15039,25.422064
15046,22.880775
15052,23.653254
15053,18.80552
15054,26.626616
15059,22.127014
15060,20.707876
15062,20.657398
15065,25.789362
15066,22.369196
15070,22.448635
15074,22.450989
15076,24.996887
15077,25.522375
15079,26.986315
15081,19.655672
15084,22.578077
15085,23.106014
15089,26.504221
15090,18.290243
15093,23.233032
15097,25.56514
15101,24.205772
15104,22.134697
15105,21.06141
15107,25.843899
15108,25.885475
15109,20.956812
15110,21.202269
15112,19.316483
15117,23.680815
15121,26.076893
15122,24.174849
15124,22.177387
15125,25.181675
15126,26.286366
15128,25.581238
15130,24.613932
15140,23.995316
15144,20.485502
15146,25.972328
15147,23.516525
15148,25.667315
15150,27.595205
15151,19.288828
15156,24.304
15166,21.620438
15167,20.72299
15168,21.730885
15172,25.819912
15173,25.899559
15174,28.01976
15178,24.094612
15183,23.426394
15190,25.4576
15191,25.442125
15193,23.362259
15194,20.894764
15195,23.534903
15197,19.626104
15203,17.018156
15206,26.796928
15208,24.475521
15209,21.527754
15212,16.731121
15216,22.1321
15217,24.096176
15222,20.462927
15223,22.564722
15224,25.347006
15226,25.7515
15227,24.918005
15230,20.558462
15238,22.439867
15240,24.794607
15241,23.582336
15243,28.50491
15246,21.78583
15248,17.784346
15249,20.814106
15251,22.379213
15254,20.53621
15256,24.386541
15258,21.386932
15260,22.179861
15262,19.826452
15264,15.36844
15275,27.123816
15280,18.575636
15284,27.160168
15286,26.147224
15289,21.114132
15302,25.018463
15311,25.835405
15316,17.657188
15325,23.773523
15329,27.242165
15335,23.90712
15344,18.752993
15350,18.660778
15351,25.56891
15353,21.152523
15354,24.681936
15360,21.316294
15362,28.37131
15363,25.601828
15368,19.775274
15373,24.52682
15375,22.562359
15376,21.622803
15378,25.259817
15382,26.625723
15383,25.875385
15389,23.147984
15390,25.345573
15392,26.124743
15395,20.571384
15396,25.011843
15403,19.827362
15407,23.259136
15409,22.37156
15411,19.355562
15413,18.961313
15417,26.737753
15418,25.71955
15419,20.67928
15427,21.46444
15431,24.982782
15433,26.053797
15435,26.821995
15441,14.730756
15442,24.689457
15444,18.682388
15445,19.158833
15446,17.705765
15449,28.703505
15452,25.724165
15454,24.362644
15458,24.432348
15463,21.856398
15465,19.145313
15467,23.357962
15468,17.422474
15474,25.962967
15479,17.701982
15481,22.023567
15484,22.214525
15486,27.32862
15490,24.524914
15493,23.2029
15501,24.216738
15503,26.059256
15507,26.001234
15510,22.37162
15513,27.224571
15515,21.990396
15516,24.34727
15518,28.281044
15525,27.545055
15526,25.770206
15527,20.796238
15529,23.19868
15532,28.21703
15539,26.238386
15540,23.61229
15541,22.474886
15543,26.756681
15544,25.090794
15545,22.293592
15548,24.932863
15551,25.912655
15553,23.746521
15556,25.446194
15557,20.117466
15560,23.945658
15562,24.443165
15564,24.163452
15568,24.67377
15570,24.981445
15571,21.925655
15575,18.71067
15576,24.415174
15578,24.33536
15585,25.552784
15586,21.470383
15588,20.723858
15590,23.042015
15592,25.330372
15597,26.133049
15605,23.087193
15607,20.312693
15608,19.106668
15609,19.472021
15610,26.641352
15615,30.024414
15628,23.931433
15629,27.875986
15631,22.33074
15632,23.01531
15635,23.639242
15636,24.067902
15647,27.67581
15648,24.870237
15649,21.631477
15658,17.612873
15659,23.66937
15661,26.970436
15663,25.712921
15665,24.281939
15667,23.29354
15668,22.553532
15670,25.219275
15672,25.028229
15676,24.75959
15679,24.950096
15680,21.661327
15686,24.253174
15690,24.239246
15693,24.599537
15694,25.563078
15697,24.090864
15700,24.510082
15704,27.216753
15706,25.166283
15708,26.1955
15709,26.141802
15717,23.988297
15720,27.337132
15725,23.054558
15729,27.530846
15730,24.501356
15733,24.2884
15734,26.926155
15738,21.11819
15739,26.02338
15743,19.833618
15744,23.65951
15750,21.011198
15753,21.713644
15754,24.946497
15756,25.0335
15759,25.642902
15761,23.214731
15762,21.919697
15764,25.560362
15765,18.262217
15770,24.20304
15771,19.634947
15772,21.527
15776,24.724474
15777,31.095943
15778,26.330957
15783,24.99773
15785,25.996683
15786,19.075846
15791,24.972956
15798,20.30185
15799,20.641382
15804,23.953514
15807,26.729092
15811,22.897732
15812,21.193062
15817,22.733412
15821,29.615013
15822,23.13493
15825,18.529058
15828,18.17384
15830,22.537336
15836,18.923225
15841,17.97069
15842,23.900291
15849,20.201242
15851,29.005194
15853,24.8264
15854,23.553982
15855,20.264278
15858,24.961905
15860,25.616726
15862,21.44378
15864,25.963558
15868,18.80584
15869,23.587
15870,26.071514
15871,23.159973
15873,25.16668
15874,20.514605
15875,23.681694
15886,24.8536
15893,25.566505
15895,19.025114
15897,21.159859
15900,23.36117
15901,18.958817
15903,21.951866
15905,22.29238
15906,22.625952
15907,24.067326
15908,21.96108
15910,21.020845
15912,19.303001
15913,24.943092
15915,26.413277
15918,19.11728
15921,24.807644
15923,23.14177
15929,23.978848
15943,24.891846
15951,24.943823
15956,17.319708
15963,21.30819
15966,24.309431
15969,23.372927
15973,24.352102
15975,25.18384
15978,20.380247
15979,22.094189
15984,25.950035
15985,24.712744
15986,23.573185
15989,21.545994
15992,27.349356
15996,23.91806
15998,23.358099
16000,17.432978
16002,20.75795
16005,24.924574
16007,23.96636
16010,22.169207
16011,22.381517
16012,24.06385
16015,20.112583
16016,22.041718
16018,22.676949
16023,25.826242
16026,16.455395
16030,24.565758
16031,23.488989
16032,16.809587
16034,19.021408
16035,18.609514
16041,24.726164
16043,23.418783
16048,21.406199
16050,25.051678
16053,25.17993
16054,22.390772
16055,21.484552
16056,25.39214
16065,26.666313
16066,22.882128
16067,24.568443
16071,26.82125
16075,23.82322
16083,25.42208
16092,25.438948
16095,21.91859
16096,21.328
16098,20.658989
16101,26.479485
16102,20.599735
16104,22.537157
16110,24.032278
16113,25.708351
16114,21.21131
16115,23.659916
16116,23.658651
16121,24.706455
16127,26.049454
16131,24.44503
16135,19.884869
16138,23.875591
16139,25.56675
16140,27.870544
16141,27.213198
16142,24.748735
16145,25.339573
16146,21.9743
16150,22.924477
16154,25.932583
16157,25.251505
16158,23.516224
16160,15.588705
16161,25.392147
16165,22.11881
16166,19.350374
16167,23.721863
16179,27.71072
16180,26.058765
16181,26.375704
16185,27.039423
16191,14.977114
16193,24.83421
16195,22.274868
16199,18.778055
16202,27.48452
16203,21.319376
16204,26.652784
16205,26.251972
16209,25.005
16211,26.890308
16212,24.319687
16218,25.35507
16228,24.217077
16229,25.220745
16231,23.236853
16234,23.598164
16235,24.466507
16239,25.106823
16240,26.036783
16244,25.225346
16251,23.009024
16252,26.343082
16253,24.3831
16255,22.759481
16256,17.213276
16258,23.70376
16263,25.378136
16265,25.329155
16270,21.762796
16272,21.879105
16275,23.09833
16276,21.129124
16277,19.418308
16279,22.311522
16280,22.92789
16282,28.239162
16283,18.579294
16286,24.025167
16288,25.027796
16289,21.22394
16290,22.990927
16292,17.577822
16293,23.55198
16294,21.310976
16300,20.03391
16301,30.518576
16310,24.052523
16312,19.120094
16314,17.310125
16315,26.055416
16317,23.401707
16318,27.345135
16320,25.69468
16322,26.811665
16323,19.123362
16325,24.388872
16326,18.251802
16327,20.5647
16330,21.731153
16331,23.229662
16337,23.650967
16345,21.399454
16347,21.296932
16348,23.786854
16355,21.51748
16356,24.859045
16357,18.00931
16361,20.8341
16362,24.46184
16364,17.025433
16367,24.96111
16368,24.646353
16369,25.770184
16371,24.367313
16373,21.314451
16374,23.344374
16382,22.526697
16386,23.063105
16389,18.603287
16401,24.089048
16402,22.88141
16403,22.582586
16406,23.826355
16409,22.03164
16411,24.570414
16412,27.664446
16415,21.897297
16418,24.9024
16421,23.162928
16423,24.291769
16428,25.374266
16432,25.731155
16434,19.204994
16439,24.645233
16440,22.458416
16443,23.302704
16446,25.035969
16449,20.494461
16451,25.322388
16452,25.92129
16454,20.806656
16456,27.911469
16460,24.884407
16461,24.5914
16464,25.372288
16469,22.685322
16475,22.060465
16476,18.663235
16478,21.455242
16484,24.918148
16487,26.899384
16489,22.857286
16494,24.727873
16495,24.385126
16502,23.49948
16505,25.797337
16506,18.256468
16508,24.94288
16510,25.871859
16514,27.399775
16515,22.79448
16516,25.733002
16517,30.137913
16519,22.854183
16520,22.48157
16521,24.88
16532,24.346172
16535,26.506176
16537,18.761086
16544,19.083403
16548,22.323803
16551,14.095319
16553,22.728565
16554,23.627138
16556,26.88728
16557,22.05562
16562,20.87725
16565,25.920107
16566,23.643435
16572,27.777252
16573,22.992203
16576,24.325445
16578,21.860088
16579,26.610054
16581,18.28238
16584,27.722069
16586,19.193142
16588,24.973436
16592,25.480688
16593,25.466011
16596,23.644852
16598,22.342499
16601,25.10062
16602,26.094572
16607,19.97308
16610,25.254223
16611,21.543507
16612,24.388561
16613,22.118294
16619,25.002596
16626,25.747566
16628,25.796648
16629,23.443277
16630,26.670221
16632,26.163113
16633,23.542557
16634,20.76638
16637,23.976059
16641,25.362701
16643,23.367329
16644,17.572443
16645,26.5861
16646,23.654545
16647,26.270985
16650,23.67154
16655,15.907742
16658,23.247198
16661,25.98832
16670,24.430574
16671,29.999706
16673,19.255608
16677,24.12604
16679,23.71314
16683,25.144583
16686,22.086258
16691,26.660463
16698,25.524288
16704,26.102375
16706,23.920795
16708,21.867174
16709,22.379026
16710,23.434967
16715,23.43462
16719,23.37063
16721,25.551352
16722,25.961222
16726,22.83373
16731,17.056162
16732,20.793224
16737,25.579535
16738,24.732264
16743,26.080082
16744,21.372562
16747,21.888584
16748,22.524393
16749,23.061588
16751,27.315605
16753,25.354452
16756,24.732254
16757,25.363462
16760,19.232513
16761,24.762693
16763,24.303589
16765,24.466553
16771,19.037292
16772,23.16919
16775,23.458391
16776,24.839611
16778,24.310244
16784,17.14144
16785,15.942757
16786,22.146383
16788,17.954432
16791,16.789097
16796,24.64835
16797,24.387081
16798,24.684452
16802,20.021711
16803,22.27673
16808,25.083494
16812,24.86015
16813,27.052607
16814,26.11763
16821,23.27656
16823,24.437473
16827,16.400623
16830,24.52233
16831,27.719902
16833,22.93177
16834,19.127628
16838,27.68731
16839,23.12607
16843,26.883118
16846,22.048088
16848,25.9272
16849,23.286821
16853,27.144781
16856,19.564512
16859,24.332619
16863,27.870792
16864,21.05224
16865,21.355907
16867,21.392752
16876,25.707148
16878,23.991846
16883,28.075134
16887,17.306684
16889,23.043028
16890,24.742498
16892,24.659912
16894,20.050291
16895,26.24251
16897,26.026352
16898,22.95452
16904,23.36207
16906,19.466072
16912,23.324183
16921,22.376493
16922,23.591648
16927,25.431175
16930,23.94793
16931,19.54939
16935,27.41923
16940,20.38941
16941,20.150269
16942,19.772228
16944,20.76334
16945,23.222307
16947,18.428965
16948,24.433094
16950,28.769411
16952,27.049522
16953,24.973171
16956,25.631826
16957,23.632814
16958,23.204996
16959,26.518833
16960,25.036133
16963,22.658102
16964,23.896221
16965,20.948673
16968,27.432455
16969,21.927284
16971,24.848986
16974,24.99117
16976,29.469275
16979,20.344769
16984,23.751495
16989,23.627367
16991,24.982233
16999,25.622267
17003,26.410292
17005,23.209326
17007,25.830643
17009,21.3669
17010,26.530193
17012,21.621342
17015,23.999598
17016,24.617027
17019,24.370394
17031,27.317793
17035,17.684313
17039,25.156242
17042,30.352093
17043,17.902756
17050,24.211685
17051,16.000452
17052,23.816608
17053,16.748184
17054,19.208763
17056,23.266598
17059,27.044498
17062,21.296032
17063,16.329037
17066,24.584072
17072,21.675081
17074,24.136404
17078,22.87535
17079,23.097916
17082,27.504086
17083,25.20885
17088,20.184153
17089,23.576225
17090,18.776398
17092,23.835825
17094,21.742498
17096,25.58355
17100,25.141052
17101,24.593422
17107,21.44186
17108,25.807386
17110,25.445423
17112,20.172586
17116,23.714626
17117,25.703999
17121,20.743008
17132,24.670427
17136,23.84261
17139,26.24156
17140,22.383879
17142,21.360039
17146,16.139584
17150,24.866692
17151,23.156437
17153,20.717495
17154,25.850164
17155,20.287838
17157,22.895603
17165,26.721952
17166,22.652937
17168,24.820454
17169,27.952284
17173,27.159992
17175,26.056921
17187,27.972433
17191,29.243233
17192,20.725866
17193,22.447641
17207,25.11088
17210,18.230507
17214,20.658323
17218,25.758434
17224,25.220577
17227,23.557852
17231,24.148642
17232,18.306591
17235,21.16357
17238,25.54189
17239,18.649456
17241,27.635157
17244,26.177658
17247,27.368933
17249,25.346226
17254,24.848328
17256,23.52544
17257,21.971685
17259,23.084286
17260,23.300432
17261,23.600845
17264,24.797028
17270,20.783375
17271,27.355316
17272,25.227055
17275,28.011911
17281,25.155691
17282,19.32668
17289,24.23769
17294,23.056868
17295,26.175358
17296,22.9539
17297,28.392092
17298,22.985455
17299,24.007223
17319,26.08756
17321,23.7221
17325,25.122002
17329,23.845467
17335,22.936506
17337,21.592531
17338,23.845474
17350,23.79541
17351,23.886864
17352,27.342098
17355,26.72528
17356,24.84876
17357,25.096497
17358,25.297007
17359,24.413
17361,24.514301
17365,25.643867
17380,21.820127
17384,25.899197
17385,20.344938
17388,25.325798
17390,24.745644
17392,23.083569
17395,26.797535
17400,21.42089
17402,27.628801
17403,22.125605
17405,25.339949
17406,17.135355
17408,19.420881
17413,22.102411
17416,23.099388
17417,17.826855
17420,24.143848
17421,22.339113
17424,24.46221
17428,23.702456
17430,22.007391
17431,25.731598
17432,23.906103
17433,27.669155
17434,29.605919
17436,20.91306
17439,24.929182
17448,24.897602
17457,24.740564
17467,18.011276
17468,18.321726
17470,21.659275
17471,24.701736
17477,24.349451
17479,21.078785
17485,25.633669
17490,20.713259
17491,20.100481
17494,20.104965
17503,21.460857
17507,24.765633
17513,16.98665
17515,17.238556
17518,19.906414
17521,26.509039
17526,26.179909
17529,24.421457
17530,23.176785
17532,24.136744
17535,18.377176
17540,20.538614
17541,21.636326
17544,25.697857
17546,20.53975
17552,24.299328
17553,20.154232
17555,19.3605
17557,25.73852
17558,16.386723
17559,25.709705
17560,22.689474
17561,18.496614
17565,19.341599
17566,20.643906
17569,22.099852
17570,21.440063
17574,24.7728
17576,25.40849
17579,25.376081
17581,24.727154
17582,25.638042
17585,25.781338
17586,23.005468
17587,24.66634
17598,19.245663
17599,24.203001
17603,21.60411
17607,26.700758
17609,26.13384
17611,20.702473
17613,31.13853
17617,24.14021
17619,26.421406
17621,24.670877
17628,20.65525
17630,31.079317
17635,16.563519
17644,22.564053
17645,24.324444
17647,26.805065
17648,25.996038
17652,24.564156
17658,23.859308
17660,24.403076
17665,24.24794
17667,21.783333
17668,21.75274
17672,27.696022
17673,25.396866
17674,25.196638
17680,21.681843
17682,27.55282
17684,24.421097
17686,22.994375
17695,22.949532
17696,25.871672
17697,25.238052
17699,24.799168
17700,13.671947
17704,17.523645
17709,23.030106
17712,18.654406
17720,24.71371
17721,24.44512
17724,24.362656
17725,24.194351
17726,26.74101
17729,26.856112
17734,14.697483
17736,24.274546
17738,24.158955
17739,20.281054
17746,24.625694
17751,24.21417
17752,24.258932
17758,24.914429
17759,25.3968
17764,19.840382
17768,21.89361
17774,22.785236
17775,25.515106
17777,20.895214
17779,19.545057
17780,30.078373
17782,21.944777
17787,19.764626
17788,24.949713
17790,16.96487
17792,19.680134
17793,21.186064
17795,20.717682
17797,21.090836
17798,26.526497
17800,21.26393
17801,27.36927
17804,24.225428
17813,24.865063
17820,16.065338
17821,23.658627
17822,24.34863
17825,24.96048
17827,23.746462
17830,18.38178
17836,21.329752
17843,26.71779
17846,24.381767
17851,25.17328
17852,25.639502
17855,24.37152
17856,25.6411
17859,24.276329
17861,18.628407
17863,24.058582
17865,21.119722
17866,25.076273
17867,21.918627
17869,24.38321
17870,25.339554
17872,22.541302
17874,24.136597
17877,23.523474
17878,23.395216
17881,22.327785
17882,25.327345
17884,24.515049
17887,25.632753
17889,25.345436
17891,23.20505
17892,28.834106
17894,15.995922
17898,26.575108
17899,20.89893
17900,19.14216
17902,20.557255
17903,22.629023
17912,23.85711
17913,26.199247
17915,18.017857
17919,24.64423
17924,21.001633
17929,19.066566
17932,21.979897
17940,15.981427
17943,23.518782
17944,25.290628
17945,24.716648
17946,16.049564
17949,22.424603
17951,20.810575
17956,22.224503
17958,23.402214
17967,24.062565
17971,22.620878
17972,24.841429
17973,21.073349
17976,25.84314
17995,26.42652
17996,27.18602
17997,23.332918
18013,23.122658
18014,25.744713
18016,23.630123
18019,23.951788
18020,20.866734
18024,26.946386
18025,20.915804
18032,27.126322
18035,23.022346
18036,23.517813
18039,23.323065
18044,23.367895
18046,26.99877
18047,21.277143
18048,24.11683
18050,25.112865
18053,23.410082
18054,18.625156
18056,25.377438
18057,20.278454
18059,22.917116
18060,24.754774
18066,25.001692
18067,21.31675
18068,22.150623
18069,23.300247
18071,20.01912
18072,20.928406
18076,13.578618
18080,26.449322
18085,28.14931
18088,25.59858
18089,22.699286
18092,23.4197
18100,21.44107
18101,24.35179
18106,21.503883
18108,26.819363
18110,21.732075
18112,28.125505
18116,21.982897
18127,24.692022
18130,29.772316
18132,26.35175
18134,23.094347
18136,20.284557
18140,22.654387
18141,21.717245
18143,25.72568
18145,27.156363
18146,22.074194
18147,19.315144
18150,22.535128
18151,24.896381
18152,19.975525
18153,26.347445
18154,21.00879
18157,17.96124
18159,24.150068
18161,19.866083
18163,20.166176
18164,18.132359
18166,23.370756
18168,24.138807
18169,27.838451
18170,23.164669
18173,21.599981
18174,24.352545
18178,23.925486
18179,25.884354
18181,25.870583
18189,21.161331
18190,26.5206
18192,21.959768
18195,24.951385
18201,22.60424
18203,25.742556
18204,24.257214
18208,24.401384
18211,25.37163
18212,24.045069
18214,24.195513
18218,25.173422
18222,16.986713
18223,23.082462
18225,26.278788
18226,26.141201
18227,25.70928
18229,18.401352
18233,27.58008
18239,22.047394
18240,20.712322
18241,23.983717
18245,23.828568
18246,23.012405
18252,25.53199
18257,25.110151
18258,20.51897
18267,23.867655
18271,23.840067
18273,19.997747
18276,22.843592
18279,22.943905
18280,25.57595
18285,20.031206
18287,26.585651
18288,15.246877
18291,25.09766
18294,16.013353
18296,20.2724
18300,16.674252
18302,20.210413
18303,27.095366
18304,22.071232
18306,19.182735
18308,25.147594
18315,21.895943
18316,26.293243
18317,19.353376
18320,23.02308
18321,24.194988
18323,21.472694
18325,20.406199
18326,20.31846
18329,16.430727
18331,26.133139
18337,17.964266
18338,23.367657
18339,26.319029
18343,21.015673
18346,25.856323
18347,19.524683
18348,27.056984
18349,24.569963
18354,24.48342
18355,17.742664
18361,23.524092
18362,25.568935
18365,27.280561
18373,21.245428
18381,24.330198
18386,25.070555
18390,22.884949
18393,25.237206
18396,23.784996
18404,23.876307
18407,24.056303
18408,18.768578
18411,24.130283
18412,25.54659
18413,19.126606
18416,26.185593
18422,24.186474
18423,24.24412
18426,24.792416
18427,23.34811
18428,21.34637
18430,21.546783
18431,20.75581
18433,20.477278
18440,24.791052
18441,22.695812
18448,25.574398
18453,19.91578
18455,18.059046
18457,24.583576
18458,28.826956
18459,21.422335
18461,24.506584
18462,16.939707
18463,23.668886
18466,22.425076
18468,15.967963
18470,25.494333
18473,24.52054
18475,27.773243
18480,22.147236
18482,25.22271
18486,22.028814
18488,22.887953
18493,30.51622
18495,22.943026
18498,25.025537
18499,15.192031
18501,21.206467
18504,24.875015
18505,21.270151
18510,19.590412
18512,27.691961
18515,25.385714
18516,23.389385
18521,21.902716
18526,19.366472
18527,21.877686
18528,24.095428
18535,24.730225
18537,20.717695
18538,22.270012
18539,17.377642
18546,22.5332
18549,18.455341
18550,24.876472
18552,27.223274
18554,20.565086
18555,22.79842
18559,23.477234
18560,20.96037
18563,25.585083
18565,25.761662
18569,18.448334
18571,19.185532
18572,16.448336
18577,20.692215
18578,22.696096
18580,25.741388
18581,18.68072
18582,23.729706
18585,24.1588
18588,24.446373
18591,26.62379
18592,23.911947
18596,25.901566
18598,25.442818
18600,24.463762
18604,24.892525
18606,24.11044
18610,20.613384
18613,15.342346
18616,26.859035
18620,21.887886
18621,21.901636
18623,25.825397
18624,23.602468
18625,16.772675
18628,22.295273
18630,25.048637
18631,18.223873
18637,24.508144
18639,22.376331
18641,26.002869
18659,25.20533
18661,25.997679
18664,21.54468
18666,24.689882
18667,25.776907
18668,26.547194
18674,21.87092
18676,22.618683
18679,28.485567
18681,26.751648
18682,18.11406
18684,23.49248
18689,26.281595
18690,18.084614
18696,23.466806
18699,27.262758
18707,25.629526
18709,26.612589
18711,25.60905
18713,23.26556
18714,22.298134
18717,25.259602
18719,18.2505
18720,26.737358
18721,22.7178
18722,19.936096
18726,17.052694
18729,23.222069
18730,23.034094
18733,26.091558
18734,23.21176
18737,26.076117
18740,25.523632
18742,27.467163
18743,28.86137
18744,25.573513
18745,20.0925
18746,25.051819
18750,22.795263
18752,22.310375
18763,25.680422
18765,23.565231
18773,20.761509
18774,22.055445
18777,23.97
18779,25.796247
18781,20.2904
18782,20.95517
18783,22.3185
18785,23.479765
18787,23.52237
18792,21.148525
18797,26.921307
18804,26.993477
18805,20.57483
18806,14.251686
18809,23.936739
18814,25.413181
18820,17.838186
18824,19.245998
18825,23.412537
18826,22.845146
18840,29.909302
18841,14.830993
18849,24.971645
18851,22.657679
18852,18.63203
18856,23.49982
18860,17.481606
18861,25.084501
18862,24.239487
18864,24.73333
18871,24.70021
18874,22.912401
18878,22.61516
18879,19.76298
18880,21.112278
18881,22.505312
18882,22.375715
18883,22.579704
18884,17.696413
18885,18.264362
18886,26.520908
18887,21.123526
18890,19.08664
18892,22.575626
18900,23.45515
18902,22.154297
18909,22.909552
18910,26.871208
18911,23.743862
18912,20.76268
18913,20.266043
18915,29.01036
18916,21.034859
18924,25.719254
18930,24.12659
18933,25.717224
18935,24.062656
18939,25.762386
18943,26.403742
18962,21.660307
18963,23.67154
18967,20.153889
18969,21.869827
18970,26.64669
18974,28.797897
18975,19.608446
18976,24.407288
18977,24.640793
18978,25.393232
18983,16.41015
18984,24.567131
18985,19.424833
18987,23.113283
18994,24.369478
18996,22.34022
18999,25.17747
19001,22.26399
19007,24.241959
19011,19.988111
19014,23.54861
19015,19.27826
19016,24.894274
19018,24.459211
19021,17.99602
19024,22.127523
19025,23.592499
19027,25.155958
19032,21.007484
19036,17.525957
19037,25.15102
19038,25.117691
19039,23.908916
19043,24.58852
19045,25.146364
19046,25.775795
19049,23.091965
19050,24.439995
19054,26.41374
19055,22.186443
19058,21.451775
19062,22.411352
19068,25.034111
19070,25.061365
19075,20.85236
19076,18.393997
19080,29.61382
19081,23.942701
19084,22.07447
19085,15.925015
19087,24.764814
19091,20.248184
19099,23.261784
19102,21.693577
19106,21.129652
19109,27.25572
19114,22.779924
19117,25.120491
19120,20.308289
19125,19.782242
19131,25.458145
19134,25.53421
19135,25.601055
19138,23.619892
19143,22.099628
19144,21.942842
19148,19.463823
19152,23.741686
19153,20.491776
19160,23.512634
19164,24.641304
19172,20.643936
19174,24.399178
19177,24.573696
19179,24.858912
19184,25.073748
19186,22.837662
19188,22.69552
19190,23.731434
19194,27.473984
19195,17.309938
19197,22.439867
19200,25.410793
19205,24.934895
19206,23.250748
19207,25.351183
19209,18.368153
19213,26.710617
19214,20.667717
19215,22.982508
19216,23.553406
19219,25.251982
19220,23.880438
19221,23.711172
19227,26.037888
19228,21.338787
19234,23.173155
19236,23.839136
19241,23.133322
19242,20.926636
19244,20.922955
19245,22.567217
19246,30.967316
19251,24.65368
19254,21.284136
19257,19.908522
19259,24.450909
19261,25.279873
19265,24.042696
19266,26.578497
19267,21.792084
19270,25.45889
19272,27.0374
19275,23.41038
19276,26.03404
19286,24.245016
19288,25.204119
19292,24.067867
19296,18.222057
19298,26.215162
19300,24.166195
19303,24.627674
19304,25.769371
19305,28.115187
19306,25.408869
19311,22.951674
19312,20.108599
19314,24.892065
19316,27.96376
19318,18.2781
19320,25.248768
